poll,candidate,label,pct
tpsi-2026-05-va-sen,mark-warner,,54.6
tpsi-2026-05-va-sen,bert-mizusawa,,28.8
tpsi-2026-05-va-sen,,Moran (I),2.6
tpsi-2026-05-va-sen,,Undecided,14.0
tpsi-2026-06-va-sen,mark-warner,,50.3
tpsi-2026-06-va-sen,bert-mizusawa,,32.8
dccc-2026-09-va-01,robert-wittman,,47
dccc-2026-09-va-01,shannon-taylor,,46
dccc-2026-09-va-01,,Undecided,7
ppp-2025-08-va-01,robert-wittman,,41
ppp-2025-08-va-01,shannon-taylor,,40
tulchin-2026-07-va-02,jen-kiggans,,47
tulchin-2026-07-va-02,elaine-luria,,47
tulchin-2026-07-va-02,,Undecided,6
expedition-2026-08-va-05,john-mcguire,,47
expedition-2026-08-va-05,tom-perriello,,44
expedition-2026-08-va-05,,Undecided,9
stetson-university-2026-09-21-fl-sen-special,ashley-moody,,51
stetson-university-2026-09-21-fl-sen-special,angie-nixon,,40
stetson-university-2026-09-21-fl-sen-special,,Other,3
stetson-university-2026-09-21-fl-sen-special,,Undecided,5
st-pete-polls-2026-09-17-fl-sen-special,ashley-moody,,45
st-pete-polls-2026-09-17-fl-sen-special,angie-nixon,,45
st-pete-polls-2026-09-17-fl-sen-special,,Other,3
st-pete-polls-2026-09-17-fl-sen-special,,Undecided,7
change-research-2026-09-09-fl-sen-special,ashley-moody,,47
change-research-2026-09-09-fl-sen-special,angie-nixon,,47
change-research-2026-09-09-fl-sen-special,,Other,1
change-research-2026-09-09-fl-sen-special,,Undecided,5
university-of-north-florida-2026-07-17-fl-sen-special,ashley-moody,,50
university-of-north-florida-2026-07-17-fl-sen-special,angie-nixon,,42
university-of-north-florida-2026-07-17-fl-sen-special,,Other,2
university-of-north-florida-2026-07-17-fl-sen-special,,Undecided,6
stetson-university-2026-04-13-fl-sen-special,ashley-moody,,51
stetson-university-2026-04-13-fl-sen-special,angie-nixon,,38
stetson-university-2026-04-13-fl-sen-special,,Undecided,11
emerson-college-2026-03-31-fl-sen-special,ashley-moody,,47
emerson-college-2026-03-31-fl-sen-special,angie-nixon,,36
emerson-college-2026-03-31-fl-sen-special,,Undecided,16
university-of-north-florida-2026-03-02-fl-sen-special,ashley-moody,,46
university-of-north-florida-2026-03-02-fl-sen-special,angie-nixon,,38
university-of-north-florida-2026-03-02-fl-sen-special,,Other,2
university-of-north-florida-2026-03-02-fl-sen-special,,Undecided,15
bowling-green-state-university-yougov-2026-09-10-oh-sen-special,jon-husted,,45
bowling-green-state-university-yougov-2026-09-10-oh-sen-special,sherrod-brown,,48
bowling-green-state-university-yougov-2026-09-10-oh-sen-special,,Other,7
abacus-data-2026-08-28-oh-sen-special,jon-husted,,46
abacus-data-2026-08-28-oh-sen-special,sherrod-brown,,52
abacus-data-2026-08-28-oh-sen-special,,Other,3
wedgewood-polls-2026-08-13-oh-sen-special,jon-husted,,44
wedgewood-polls-2026-08-13-oh-sen-special,sherrod-brown,,48
wedgewood-polls-2026-08-13-oh-sen-special,,Undecided,8
beacon-research-d-shaw-co-research-2026-08-10-oh-sen-special,jon-husted,,45
beacon-research-d-shaw-co-research-2026-08-10-oh-sen-special,sherrod-brown,,53
beacon-research-d-shaw-co-research-2026-08-10-oh-sen-special,,Undecided,2
tulchin-research-2026-08-04-oh-sen-special,jon-husted,,43
tulchin-research-2026-08-04-oh-sen-special,sherrod-brown,,47
tulchin-research-2026-08-04-oh-sen-special,,Other,4
tulchin-research-2026-08-04-oh-sen-special,,Undecided,6
new-york-times-siena-university-2026-06-28-oh-sen-special,jon-husted,,50
new-york-times-siena-university-2026-06-28-oh-sen-special,sherrod-brown,,47
new-york-times-siena-university-2026-06-28-oh-sen-special,,Undecided,3
fabrizio-ward-r-impact-research-2026-06-16-oh-sen-special,jon-husted,,45
fabrizio-ward-r-impact-research-2026-06-16-oh-sen-special,sherrod-brown,,48
fabrizio-ward-r-impact-research-2026-06-16-oh-sen-special,,Other,1
fabrizio-ward-r-impact-research-2026-06-16-oh-sen-special,,Undecided,7
tulchin-research-2026-06-04-oh-sen-special,jon-husted,,42
tulchin-research-2026-06-04-oh-sen-special,sherrod-brown,,46
tulchin-research-2026-06-04-oh-sen-special,,Other,4
tulchin-research-2026-06-04-oh-sen-special,,Undecided,7
beacon-research-d-shaw-co-research-2026-06-01-oh-sen-special,jon-husted,,45
beacon-research-d-shaw-co-research-2026-06-01-oh-sen-special,sherrod-brown,,53
beacon-research-d-shaw-co-research-2026-06-01-oh-sen-special,,Undecided,2
bowling-green-state-university-yougov-2026-04-14-oh-sen-special,jon-husted,,50
bowling-green-state-university-yougov-2026-04-14-oh-sen-special,sherrod-brown,,47
bowling-green-state-university-yougov-2026-04-14-oh-sen-special,,Other,3
echelon-insights-2026-04-09-oh-sen-special,jon-husted,,51
echelon-insights-2026-04-09-oh-sen-special,sherrod-brown,,45
echelon-insights-2026-04-09-oh-sen-special,,Undecided,4
quantus-insights-2026-03-14-oh-sen-special,jon-husted,,46
quantus-insights-2026-03-14-oh-sen-special,sherrod-brown,,44
quantus-insights-2026-03-14-oh-sen-special,,Other,4
quantus-insights-2026-03-14-oh-sen-special,,Undecided,6
onmessage-public-strategies-2026-03-08-oh-sen-special,jon-husted,,45
onmessage-public-strategies-2026-03-08-oh-sen-special,sherrod-brown,,47
onmessage-public-strategies-2026-03-08-oh-sen-special,,Undecided,8
emc-research-2026-02-22-oh-sen-special,jon-husted,,47
emc-research-2026-02-22-oh-sen-special,sherrod-brown,,51
emc-research-2026-02-22-oh-sen-special,,Undecided,2
emerson-college-2025-12-08-oh-sen-special,jon-husted,,49
emerson-college-2025-12-08-oh-sen-special,sherrod-brown,,46
emerson-college-2025-12-08-oh-sen-special,,Undecided,5
bowling-green-state-university-yougov-2025-10-14-oh-sen-special,jon-husted,,48
bowling-green-state-university-yougov-2025-10-14-oh-sen-special,sherrod-brown,,49
bowling-green-state-university-yougov-2025-10-14-oh-sen-special,,Other,3
hart-research-2025-09-22-oh-sen-special,jon-husted,,45
hart-research-2025-09-22-oh-sen-special,sherrod-brown,,48
hart-research-2025-09-22-oh-sen-special,,Undecided,7
emerson-college-2025-08-19-oh-sen-special,jon-husted,,50
emerson-college-2025-08-19-oh-sen-special,sherrod-brown,,44
emerson-college-2025-08-19-oh-sen-special,,Undecided,7
bowling-green-state-university-yougov-2025-02-21-oh-sen-special,jon-husted,,47
bowling-green-state-university-yougov-2025-02-21-oh-sen-special,sherrod-brown,,41
bowling-green-state-university-yougov-2025-02-21-oh-sen-special,,Undecided,12
yes-every-kid-2026-07-11-al-sen,barry-moore,,47
yes-every-kid-2026-07-11-al-sen,everett-wess,,32
yes-every-kid-2026-07-11-al-sen,,Other,1
yes-every-kid-2026-07-11-al-sen,,Undecided,20
data-for-progress-2026-08-04-ak-sen,dan-sullivan,,41
data-for-progress-2026-08-04-ak-sen,mary-peltola,,45
data-for-progress-2026-08-04-ak-sen,daniel-sullivan,,4
data-for-progress-2026-08-04-ak-sen,gerald-heikes,,3
data-for-progress-2026-08-04-ak-sen,,Undecided / Not Ranked,5
hendrix-college-2026-08-12-ar-sen,tom-cotton,,44
hendrix-college-2026-08-12-ar-sen,hallie-shoffner,,47
hendrix-college-2026-08-12-ar-sen,,Other,3
hendrix-college-2026-08-12-ar-sen,,Undecided,6
2040-strategy-group-2026-07-25-ar-sen,tom-cotton,,46
2040-strategy-group-2026-07-25-ar-sen,hallie-shoffner,,43
2040-strategy-group-2026-07-25-ar-sen,,Undecided,11
grayhouse-2026-02-09-ar-sen,tom-cotton,,58
grayhouse-2026-02-09-ar-sen,hallie-shoffner,,36
grayhouse-2026-02-09-ar-sen,,Undecided,7
yougov-2026-09-18-ga-sen,jon-ossoff,,52
yougov-2026-09-18-ga-sen,mike-collins,,42
yougov-2026-09-18-ga-sen,,Other,2
yougov-2026-09-18-ga-sen,,Undecided,5
quantus-insights-2026-09-16-ga-sen,jon-ossoff,,48
quantus-insights-2026-09-16-ga-sen,mike-collins,,44
quantus-insights-2026-09-16-ga-sen,,Other,1
quantus-insights-2026-09-16-ga-sen,,Undecided,7
rasmussen-reports-2026-09-14-ga-sen,jon-ossoff,,51
rasmussen-reports-2026-09-14-ga-sen,mike-collins,,42
rasmussen-reports-2026-09-14-ga-sen,,Undecided,6
trafalgar-group-2026-09-12-ga-sen,jon-ossoff,,49
trafalgar-group-2026-09-12-ga-sen,mike-collins,,43
trafalgar-group-2026-09-12-ga-sen,,Other,1
trafalgar-group-2026-09-12-ga-sen,,Undecided,7
insideradvantage-2026-08-17-ga-sen,jon-ossoff,,50
insideradvantage-2026-08-17-ga-sen,mike-collins,,43
insideradvantage-2026-08-17-ga-sen,,Undecided,7
fabrizio-ward-r-impact-research-2026-07-16-ga-sen,jon-ossoff,,52
fabrizio-ward-r-impact-research-2026-07-16-ga-sen,mike-collins,,43
fabrizio-ward-r-impact-research-2026-07-16-ga-sen,,Undecided,5
wick-2026-06-30-ga-sen,jon-ossoff,,47
wick-2026-06-30-ga-sen,mike-collins,,43
wick-2026-06-30-ga-sen,,Undecided,10
beacon-research-d-shaw-co-research-2026-06-27-ga-sen,jon-ossoff,,56
beacon-research-d-shaw-co-research-2026-06-27-ga-sen,mike-collins,,43
beacon-research-d-shaw-co-research-2026-06-27-ga-sen,,Undecided,1
echelon-insights-2026-04-09-ga-sen,jon-ossoff,,51
echelon-insights-2026-04-09-ga-sen,mike-collins,,44
echelon-insights-2026-04-09-ga-sen,,Undecided,5
emerson-college-2026-03-02-ga-sen,jon-ossoff,,48
emerson-college-2026-03-02-ga-sen,mike-collins,,43
emerson-college-2026-03-02-ga-sen,,Undecided,9
quantus-insights-2025-09-12-ga-sen,jon-ossoff,,38
quantus-insights-2025-09-12-ga-sen,mike-collins,,38
quantus-insights-2025-09-12-ga-sen,,Undecided,23
tipp-insights-2025-08-01-ga-sen,jon-ossoff,,45
tipp-insights-2025-08-01-ga-sen,mike-collins,,44
tipp-insights-2025-08-01-ga-sen,,Other,3
tipp-insights-2025-08-01-ga-sen,,Undecided,8
cygnal-2025-05-17-ga-sen,jon-ossoff,,46
cygnal-2025-05-17-ga-sen,mike-collins,,43
cygnal-2025-05-17-ga-sen,,Undecided,11
trafalgar-group-2025-04-27-ga-sen,jon-ossoff,,48
trafalgar-group-2025-04-27-ga-sen,mike-collins,,43
trafalgar-group-2025-04-27-ga-sen,,Other,3
trafalgar-group-2025-04-27-ga-sen,,Undecided,6
wpa-intelligence-2025-01-15-ga-sen,jon-ossoff,,44
wpa-intelligence-2025-01-15-ga-sen,mike-collins,,34
wpa-intelligence-2025-01-15-ga-sen,,Undecided,22
advanced-targeting-research-2026-09-16-id-sen,jim-risch,,39
advanced-targeting-research-2026-09-16-id-sen,todd-achilles,,50
advanced-targeting-research-2026-09-16-id-sen,,Undecided,11
the-bullfinch-group-2026-08-07-id-sen,jim-risch,,33
the-bullfinch-group-2026-08-07-id-sen,todd-achilles,,38
the-bullfinch-group-2026-08-07-id-sen,,Undecided,29
the-bullfinch-group-2026-06-01-id-sen,jim-risch,,40
the-bullfinch-group-2026-06-01-id-sen,todd-achilles,,36
the-bullfinch-group-2026-06-01-id-sen,,Undecided,24
public-policy-polling-2026-03-17-id-sen,jim-risch,,48
public-policy-polling-2026-03-17-id-sen,todd-achilles,,34
public-policy-polling-2026-03-17-id-sen,,Undecided,18
marist-college-2026-09-20-ia-sen,ashley-hinson,,42
marist-college-2026-09-20-ia-sen,josh-turek,,50
marist-college-2026-09-20-ia-sen,,Other,2
marist-college-2026-09-20-ia-sen,,Undecided,5
trafalgar-group-2026-09-18-ia-sen,ashley-hinson,,44
trafalgar-group-2026-09-18-ia-sen,josh-turek,,42
trafalgar-group-2026-09-18-ia-sen,,Other,3
trafalgar-group-2026-09-18-ia-sen,,Undecided,10
yougov-2026-09-08-ia-sen,ashley-hinson,,43
yougov-2026-09-08-ia-sen,josh-turek,,47
yougov-2026-09-08-ia-sen,,Other,1
yougov-2026-09-08-ia-sen,,Undecided,8
emerson-college-2026-09-01-ia-sen,ashley-hinson,,50
emerson-college-2026-09-01-ia-sen,josh-turek,,45
emerson-college-2026-09-01-ia-sen,,Other,1
emerson-college-2026-09-01-ia-sen,,Undecided,5
global-strategy-group-2026-08-31-ia-sen,ashley-hinson,,42
global-strategy-group-2026-08-31-ia-sen,josh-turek,,46
global-strategy-group-2026-08-31-ia-sen,,Other,6
global-strategy-group-2026-08-31-ia-sen,,Undecided,6
wedgewood-polls-2026-08-29-ia-sen,ashley-hinson,,50
wedgewood-polls-2026-08-29-ia-sen,josh-turek,,48
wedgewood-polls-2026-08-29-ia-sen,,Undecided,2
abacus-data-2026-08-28-ia-sen,ashley-hinson,,45
abacus-data-2026-08-28-ia-sen,josh-turek,,54
abacus-data-2026-08-28-ia-sen,,Other,1
suffolk-university-2026-08-23-ia-sen,ashley-hinson,,45
suffolk-university-2026-08-23-ia-sen,josh-turek,,41
suffolk-university-2026-08-23-ia-sen,,Other,4
suffolk-university-2026-08-23-ia-sen,,Undecided,10
emerson-college-2026-08-04-ia-sen,ashley-hinson,,48
emerson-college-2026-08-04-ia-sen,josh-turek,,45
emerson-college-2026-08-04-ia-sen,,Undecided,6
beacon-research-d-shaw-co-research-2026-06-27-ia-sen,ashley-hinson,,46
beacon-research-d-shaw-co-research-2026-06-27-ia-sen,josh-turek,,50
beacon-research-d-shaw-co-research-2026-06-27-ia-sen,,Undecided,4
new-york-times-siena-university-2026-06-27-ia-sen,ashley-hinson,,48
new-york-times-siena-university-2026-06-27-ia-sen,josh-turek,,46
new-york-times-siena-university-2026-06-27-ia-sen,,Undecided,5
cygnal-2026-06-19-ia-sen,ashley-hinson,,46
cygnal-2026-06-19-ia-sen,josh-turek,,44
cygnal-2026-06-19-ia-sen,,Undecided,10
global-strategy-group-2026-06-11-ia-sen,ashley-hinson,,45
global-strategy-group-2026-06-11-ia-sen,josh-turek,,47
global-strategy-group-2026-06-11-ia-sen,,Undecided,8
public-policy-polling-2026-06-04-ia-sen,ashley-hinson,,46
public-policy-polling-2026-06-04-ia-sen,josh-turek,,46
public-policy-polling-2026-06-04-ia-sen,,Undecided,7
echelon-insights-2026-04-09-ia-sen,ashley-hinson,,45
echelon-insights-2026-04-09-ia-sen,josh-turek,,46
echelon-insights-2026-04-09-ia-sen,,Undecided,9
gqr-2026-03-16-ia-sen,ashley-hinson,,47
gqr-2026-03-16-ia-sen,josh-turek,,43
gqr-2026-03-16-ia-sen,,Undecided,11
wedgewood-polls-2026-09-24-ks-sen,roger-marshall,,48
wedgewood-polls-2026-09-24-ks-sen,adam-hamilton,,50
wedgewood-polls-2026-09-24-ks-sen,,Other,2
emerson-college-2026-09-16-ks-sen,roger-marshall,,43
emerson-college-2026-09-16-ks-sen,adam-hamilton,,45
emerson-college-2026-09-16-ks-sen,,Other,4
emerson-college-2026-09-16-ks-sen,,Undecided,8
co-efficient-2026-09-10-ks-sen,roger-marshall,,49
co-efficient-2026-09-10-ks-sen,adam-hamilton,,44
co-efficient-2026-09-10-ks-sen,,Other,2
co-efficient-2026-09-10-ks-sen,,Undecided,5
global-strategy-group-2026-08-16-ks-sen,roger-marshall,,43
global-strategy-group-2026-08-16-ks-sen,adam-hamilton,,44
global-strategy-group-2026-08-16-ks-sen,,Other,5
global-strategy-group-2026-08-16-ks-sen,,Undecided,8
public-policy-polling-2026-08-08-ks-sen,roger-marshall,,46
public-policy-polling-2026-08-08-ks-sen,adam-hamilton,,45
gbao-2026-07-13-ks-sen,roger-marshall,,47
gbao-2026-07-13-ks-sen,adam-hamilton,,43
gbao-2026-07-13-ks-sen,,Undecided,10
tavern-research-2026-01-28-ks-sen,roger-marshall,,54
tavern-research-2026-01-28-ks-sen,adam-hamilton,,46
global-strategy-group-2026-08-27-ky-sen,andy-barr,,49
global-strategy-group-2026-08-27-ky-sen,charles-booker,,40
global-strategy-group-2026-08-27-ky-sen,,Undecided,11
public-policy-polling-2025-12-19-ky-sen,andy-barr,,49
public-policy-polling-2025-12-19-ky-sen,charles-booker,,38
public-policy-polling-2025-12-19-ky-sen,,Undecided,13
hart-research-associates-2026-09-19-la-sen,julia-letlow,,48
hart-research-associates-2026-09-19-la-sen,davis,,44
hart-research-associates-2026-09-19-la-sen,,Undecided,8
public-policy-polling-2026-07-22-la-sen,julia-letlow,,41
public-policy-polling-2026-07-22-la-sen,davis,,37
public-policy-polling-2026-07-22-la-sen,,Undecided,22
new-york-times-siena-university-2026-09-22-me-sen,susan-collins,,49
new-york-times-siena-university-2026-09-22-me-sen,troy-jackson,,46
new-york-times-siena-university-2026-09-22-me-sen,,Undecided,5
university-of-new-hampshire-2026-09-21-me-sen,susan-collins,,47
university-of-new-hampshire-2026-09-21-me-sen,troy-jackson,,51
university-of-new-hampshire-2026-09-21-me-sen,,Other,1
university-of-new-hampshire-2026-09-21-me-sen,,Undecided,1
quantus-insights-2026-09-15-me-sen,susan-collins,,48
quantus-insights-2026-09-15-me-sen,troy-jackson,,47
quantus-insights-2026-09-15-me-sen,,Other,2
quantus-insights-2026-09-15-me-sen,,Undecided,4
university-of-massachusetts-yougov-2026-09-14-me-sen,susan-collins,,43
university-of-massachusetts-yougov-2026-09-14-me-sen,troy-jackson,,48
university-of-massachusetts-yougov-2026-09-14-me-sen,,Undecided,9
rasmussen-reports-2026-09-10-me-sen,susan-collins,,45
rasmussen-reports-2026-09-10-me-sen,troy-jackson,,46
rasmussen-reports-2026-09-10-me-sen,,Undecided,9
yougov-2026-09-08-me-sen,susan-collins,,44
yougov-2026-09-08-me-sen,troy-jackson,,48
yougov-2026-09-08-me-sen,,Other,1
yougov-2026-09-08-me-sen,,Undecided,6
ssrs-2026-09-06-me-sen,susan-collins,,45
ssrs-2026-09-06-me-sen,troy-jackson,,48
ssrs-2026-09-06-me-sen,,Other,7
abacus-data-2026-08-28-me-sen,susan-collins,,43
abacus-data-2026-08-28-me-sen,troy-jackson,,52
abacus-data-2026-08-28-me-sen,,Other,4
beacon-research-d-shaw-co-research-2026-08-10-me-sen,susan-collins,,46
beacon-research-d-shaw-co-research-2026-08-10-me-sen,troy-jackson,,48
beacon-research-d-shaw-co-research-2026-08-10-me-sen,,Other,1
beacon-research-d-shaw-co-research-2026-08-10-me-sen,,Undecided,5
hart-research-2026-08-01-me-sen,susan-collins,,45
hart-research-2026-08-01-me-sen,troy-jackson,,49
hart-research-2026-08-01-me-sen,,Undecided,6
university-of-new-hampshire-2026-07-20-me-sen,susan-collins,,46
university-of-new-hampshire-2026-07-20-me-sen,troy-jackson,,49
university-of-new-hampshire-2026-07-20-me-sen,,Other,2
university-of-new-hampshire-2026-07-20-me-sen,,Undecided,3
z-to-a-research-2026-07-08-me-sen,susan-collins,,48
z-to-a-research-2026-07-08-me-sen,troy-jackson,,47
z-to-a-research-2026-07-08-me-sen,,Undecided,5
public-policy-polling-2026-07-07-me-sen,susan-collins,,44
public-policy-polling-2026-07-07-me-sen,troy-jackson,,49
public-policy-polling-2026-07-07-me-sen,,Undecided,7
wedgewood-polls-2026-07-06-me-sen,susan-collins,,43
wedgewood-polls-2026-07-06-me-sen,troy-jackson,,48
wedgewood-polls-2026-07-06-me-sen,,Undecided,9
university-of-new-hampshire-2026-09-21-ma-sen,edward-markey,,53
university-of-new-hampshire-2026-09-21-ma-sen,john-deaton,,30
university-of-new-hampshire-2026-09-21-ma-sen,joe-tache,,9
university-of-new-hampshire-2026-09-21-ma-sen,,Undecided,8
university-of-new-hampshire-2026-08-24-ma-sen,edward-markey,,49
university-of-new-hampshire-2026-08-24-ma-sen,john-deaton,,30
university-of-new-hampshire-2026-08-24-ma-sen,joe-tache,,7
university-of-new-hampshire-2026-08-24-ma-sen,,Other,1
university-of-new-hampshire-2026-08-24-ma-sen,,Undecided,12
umass-amherst-yougov-2026-08-12-ma-sen,edward-markey,,51
umass-amherst-yougov-2026-08-12-ma-sen,john-deaton,,30
umass-amherst-yougov-2026-08-12-ma-sen,,Other,3
umass-amherst-yougov-2026-08-12-ma-sen,,Undecided,15
university-of-new-hampshire-2026-06-23-ma-sen,edward-markey,,50
university-of-new-hampshire-2026-06-23-ma-sen,john-deaton,,34
university-of-new-hampshire-2026-06-23-ma-sen,,Undecided,16
university-of-new-hampshire-2026-04-20-ma-sen,edward-markey,,55
university-of-new-hampshire-2026-04-20-ma-sen,john-deaton,,32
university-of-new-hampshire-2026-04-20-ma-sen,,Other,1
university-of-new-hampshire-2026-04-20-ma-sen,,Undecided,12
university-of-new-hampshire-2026-02-16-ma-sen,edward-markey,,56
university-of-new-hampshire-2026-02-16-ma-sen,john-deaton,,27
university-of-new-hampshire-2026-02-16-ma-sen,,Other,2
university-of-new-hampshire-2026-02-16-ma-sen,,Undecided,15
cygnal-2026-01-25-ma-sen,edward-markey,,54
cygnal-2026-01-25-ma-sen,john-deaton,,30
cygnal-2026-01-25-ma-sen,,Undecided,16
suffolk-university-2025-11-23-ma-sen,edward-markey,,54
suffolk-university-2025-11-23-ma-sen,john-deaton,,31
suffolk-university-2025-11-23-ma-sen,,Undecided,15
surveyusa-2025-03-04-ma-sen,edward-markey,,45
surveyusa-2025-03-04-ma-sen,john-deaton,,26
surveyusa-2025-03-04-ma-sen,,Undecided,30
co-efficient-2026-09-23-mi-sen,abdul-el-sayed,,45
co-efficient-2026-09-23-mi-sen,mike-rogers,,45
co-efficient-2026-09-23-mi-sen,,Other,2
co-efficient-2026-09-23-mi-sen,,Undecided,8
new-york-times-siena-university-2026-09-22-mi-sen,abdul-el-sayed,,49
new-york-times-siena-university-2026-09-22-mi-sen,mike-rogers,,44
new-york-times-siena-university-2026-09-22-mi-sen,,Undecided,7
emerson-college-2026-09-14-mi-sen,abdul-el-sayed,,48
emerson-college-2026-09-14-mi-sen,mike-rogers,,46
emerson-college-2026-09-14-mi-sen,,Other,2
emerson-college-2026-09-14-mi-sen,,Undecided,4
the-washington-post-sspg-2026-09-14-mi-sen,abdul-el-sayed,,48
the-washington-post-sspg-2026-09-14-mi-sen,mike-rogers,,45
the-washington-post-sspg-2026-09-14-mi-sen,,Other,5
the-washington-post-sspg-2026-09-14-mi-sen,,Undecided,2
ssrs-2026-09-06-mi-sen,abdul-el-sayed,,47
ssrs-2026-09-06-mi-sen,mike-rogers,,44
ssrs-2026-09-06-mi-sen,,Other,8
glengariff-group-2026-09-03-mi-sen,abdul-el-sayed,,44
glengariff-group-2026-09-03-mi-sen,mike-rogers,,46
glengariff-group-2026-09-03-mi-sen,,Undecided,9
abacus-data-2026-08-28-mi-sen,abdul-el-sayed,,49
abacus-data-2026-08-28-mi-sen,mike-rogers,,45
abacus-data-2026-08-28-mi-sen,,Other,6
epic-mra-2026-08-28-mi-sen,abdul-el-sayed,,50
epic-mra-2026-08-28-mi-sen,mike-rogers,,45
epic-mra-2026-08-28-mi-sen,,Undecided,5
michigan-state-university-yougov-2026-08-20-mi-sen,abdul-el-sayed,,50
michigan-state-university-yougov-2026-08-20-mi-sen,mike-rogers,,45
michigan-state-university-yougov-2026-08-20-mi-sen,,Undecided,5
susquehanna-polling-research-2026-08-17-mi-sen,abdul-el-sayed,,46
susquehanna-polling-research-2026-08-17-mi-sen,mike-rogers,,39
susquehanna-polling-research-2026-08-17-mi-sen,,Other,6
susquehanna-polling-research-2026-08-17-mi-sen,,Undecided,9
fabrizio-ward-r-impact-research-2026-08-11-mi-sen,abdul-el-sayed,,48
fabrizio-ward-r-impact-research-2026-08-11-mi-sen,mike-rogers,,47
fabrizio-ward-r-impact-research-2026-08-11-mi-sen,,Undecided,5
tipp-insights-2026-08-10-mi-sen,abdul-el-sayed,,45
tipp-insights-2026-08-10-mi-sen,mike-rogers,,42
tipp-insights-2026-08-10-mi-sen,,Other,7
tipp-insights-2026-08-10-mi-sen,,Undecided,6
gbao-2026-08-10-mi-sen,abdul-el-sayed,,50
gbao-2026-08-10-mi-sen,mike-rogers,,44
gbao-2026-08-10-mi-sen,,Undecided,6
beacon-research-d-shaw-co-research-2026-08-10-mi-sen,abdul-el-sayed,,47
beacon-research-d-shaw-co-research-2026-08-10-mi-sen,mike-rogers,,51
beacon-research-d-shaw-co-research-2026-08-10-mi-sen,,Undecided,2
epic-mra-2026-07-31-mi-sen,abdul-el-sayed,,43
epic-mra-2026-07-31-mi-sen,mike-rogers,,46
epic-mra-2026-07-31-mi-sen,,Undecided,11
socal-strategies-2026-07-30-mi-sen,abdul-el-sayed,,41
socal-strategies-2026-07-30-mi-sen,mike-rogers,,42
socal-strategies-2026-07-30-mi-sen,,Undecided,17
mitchell-research-communications-2026-07-29-mi-sen,abdul-el-sayed,,45
mitchell-research-communications-2026-07-29-mi-sen,mike-rogers,,45
mitchell-research-communications-2026-07-29-mi-sen,,Undecided,10
glengariff-group-2026-07-24-mi-sen,abdul-el-sayed,,39
glengariff-group-2026-07-24-mi-sen,mike-rogers,,49
glengariff-group-2026-07-24-mi-sen,,Other,1
glengariff-group-2026-07-24-mi-sen,,Undecided,11
quantus-insights-2026-06-30-mi-sen,abdul-el-sayed,,45
quantus-insights-2026-06-30-mi-sen,mike-rogers,,44
quantus-insights-2026-06-30-mi-sen,,Other,3
quantus-insights-2026-06-30-mi-sen,,Undecided,8
data-for-progress-2026-06-22-mi-sen,abdul-el-sayed,,47
data-for-progress-2026-06-22-mi-sen,mike-rogers,,46
data-for-progress-2026-06-22-mi-sen,,Undecided,7
zenith-research-2026-06-14-mi-sen,abdul-el-sayed,,45
zenith-research-2026-06-14-mi-sen,mike-rogers,,42
zenith-research-2026-06-14-mi-sen,,Undecided,13
mitchell-research-communications-2026-06-13-mi-sen,abdul-el-sayed,,47
mitchell-research-communications-2026-06-13-mi-sen,mike-rogers,,42
mitchell-research-communications-2026-06-13-mi-sen,,Undecided,11
tulchin-research-2026-06-04-mi-sen,abdul-el-sayed,,46
tulchin-research-2026-06-04-mi-sen,mike-rogers,,41
tulchin-research-2026-06-04-mi-sen,,Undecided,13
tipp-insights-2026-05-23-mi-sen,abdul-el-sayed,,43
tipp-insights-2026-05-23-mi-sen,mike-rogers,,42
tipp-insights-2026-05-23-mi-sen,,Other,6
tipp-insights-2026-05-23-mi-sen,,Undecided,9
mitchell-research-2026-05-07-mi-sen,abdul-el-sayed,,41
mitchell-research-2026-05-07-mi-sen,mike-rogers,,42
mitchell-research-2026-05-07-mi-sen,,Undecided,17
glengariff-group-2026-05-01-mi-sen,abdul-el-sayed,,40
glengariff-group-2026-05-01-mi-sen,mike-rogers,,45
glengariff-group-2026-05-01-mi-sen,,Undecided,15
emerson-college-2026-01-25-mi-sen,abdul-el-sayed,,43
emerson-college-2026-01-25-mi-sen,mike-rogers,,43
emerson-college-2026-01-25-mi-sen,,Undecided,14
glengariff-group-2026-01-06-mi-sen,abdul-el-sayed,,47
glengariff-group-2026-01-06-mi-sen,mike-rogers,,43
glengariff-group-2026-01-06-mi-sen,,Undecided,10
mitchell-research-communications-2025-11-21-mi-sen,abdul-el-sayed,,38
mitchell-research-communications-2025-11-21-mi-sen,mike-rogers,,41
mitchell-research-communications-2025-11-21-mi-sen,,Undecided,22
rosetta-stone-communications-2025-10-25-mi-sen,abdul-el-sayed,,31
rosetta-stone-communications-2025-10-25-mi-sen,mike-rogers,,45
rosetta-stone-communications-2025-10-25-mi-sen,,Undecided,24
glengariff-group-2025-05-08-mi-sen,abdul-el-sayed,,41
glengariff-group-2025-05-08-mi-sen,mike-rogers,,47
glengariff-group-2025-05-08-mi-sen,,Undecided,12
co-efficient-2026-09-15-mn-sen,peggy-flanagan,,43
co-efficient-2026-09-15-mn-sen,michele-tafoya,,42
co-efficient-2026-09-15-mn-sen,,Other,4
co-efficient-2026-09-15-mn-sen,,Undecided,11
kstp-surveyusa-2026-09-14-mn-sen,peggy-flanagan,,42
kstp-surveyusa-2026-09-14-mn-sen,michele-tafoya,,42
kstp-surveyusa-2026-09-14-mn-sen,,Other,4
kstp-surveyusa-2026-09-14-mn-sen,,Undecided,12
tipp-insights-2026-09-02-mn-sen,peggy-flanagan,,44
tipp-insights-2026-09-02-mn-sen,michele-tafoya,,42
tipp-insights-2026-09-02-mn-sen,,Other,6
tipp-insights-2026-09-02-mn-sen,,Undecided,8
ktsp-surveyusa-2026-08-17-mn-sen,peggy-flanagan,,46
ktsp-surveyusa-2026-08-17-mn-sen,michele-tafoya,,41
ktsp-surveyusa-2026-08-17-mn-sen,,Other,2
ktsp-surveyusa-2026-08-17-mn-sen,,Undecided,11
emerson-college-2026-02-08-mn-sen,peggy-flanagan,,47
emerson-college-2026-02-08-mn-sen,michele-tafoya,,41
emerson-college-2026-02-08-mn-sen,,Other,4
emerson-college-2026-02-08-mn-sen,,Undecided,8
impact-research-2025-07-11-mn-sen,peggy-flanagan,,48
impact-research-2025-07-11-mn-sen,michele-tafoya,,45
impact-research-2025-07-11-mn-sen,,Undecided,7
data-for-progress-2026-08-15-ms-sen,cindy-hyde-smith,,44
data-for-progress-2026-08-15-ms-sen,scott-colom,,38
data-for-progress-2026-08-15-ms-sen,ty-pinkins,,7
data-for-progress-2026-08-15-ms-sen,,Undecided,11
impact-research-2026-04-12-ms-sen,cindy-hyde-smith,,42
impact-research-2026-04-12-ms-sen,scott-colom,,39
impact-research-2026-04-12-ms-sen,ty-pinkins,,6
impact-research-2026-04-12-ms-sen,,Undecided,13
impact-research-2025-06-22-ms-sen,cindy-hyde-smith,,51
impact-research-2025-06-22-ms-sen,scott-colom,,38
impact-research-2025-06-22-ms-sen,,Undecided,11
quantus-insights-2026-09-15-mt-sen,kurt-alme,,44
quantus-insights-2026-09-15-mt-sen,alani-bankhead,,23
quantus-insights-2026-09-15-mt-sen,seth-bodnar,,24
quantus-insights-2026-09-15-mt-sen,,Undecided,9
aspect-strategic-2026-09-15-mt-sen,kurt-alme,,44
aspect-strategic-2026-09-15-mt-sen,alani-bankhead,,14
aspect-strategic-2026-09-15-mt-sen,seth-bodnar,,32
aspect-strategic-2026-09-15-mt-sen,kyle-austin,,3
aspect-strategic-2026-09-15-mt-sen,,Undecided,7
rutgers-university-eagleton-institute-of-2026-09-07-mt-sen,kurt-alme,,38
rutgers-university-eagleton-institute-of-2026-09-07-mt-sen,alani-bankhead,,16
rutgers-university-eagleton-institute-of-2026-09-07-mt-sen,seth-bodnar,,30
rutgers-university-eagleton-institute-of-2026-09-07-mt-sen,kyle-austin,,5
rutgers-university-eagleton-institute-of-2026-09-07-mt-sen,,Undecided,11
peak-insights-2026-08-25-mt-sen,kurt-alme,,44
peak-insights-2026-08-25-mt-sen,alani-bankhead,,19
peak-insights-2026-08-25-mt-sen,seth-bodnar,,22
peak-insights-2026-08-25-mt-sen,kyle-austin,,2
peak-insights-2026-08-25-mt-sen,,Undecided,13
hart-research-2026-08-04-mt-sen,kurt-alme,,45
hart-research-2026-08-04-mt-sen,alani-bankhead,,15
hart-research-2026-08-04-mt-sen,seth-bodnar,,30
hart-research-2026-08-04-mt-sen,kyle-austin,,6
hart-research-2026-08-04-mt-sen,,Undecided,4
tavern-research-2026-07-27-mt-sen,kurt-alme,,49
tavern-research-2026-07-27-mt-sen,alani-bankhead,,24
tavern-research-2026-07-27-mt-sen,seth-bodnar,,25
tavern-research-2026-07-27-mt-sen,kyle-austin,,2
gqr-2026-07-26-mt-sen,kurt-alme,,41
gqr-2026-07-26-mt-sen,alani-bankhead,,22
gqr-2026-07-26-mt-sen,seth-bodnar,,27
gqr-2026-07-26-mt-sen,kyle-austin,,6
gqr-2026-07-26-mt-sen,,Undecided,4
grayhouse-2026-06-24-mt-sen,kurt-alme,,41
grayhouse-2026-06-24-mt-sen,alani-bankhead,,25
grayhouse-2026-06-24-mt-sen,seth-bodnar,,17
grayhouse-2026-06-24-mt-sen,kyle-austin,,3
grayhouse-2026-06-24-mt-sen,,Undecided,13
hart-research-2026-06-24-mt-sen,kurt-alme,,47
hart-research-2026-06-24-mt-sen,alani-bankhead,,22
hart-research-2026-06-24-mt-sen,seth-bodnar,,25
hart-research-2026-06-24-mt-sen,,Undecided,6
tavern-research-2026-06-19-mt-sen,kurt-alme,,49
tavern-research-2026-06-19-mt-sen,alani-bankhead,,26
tavern-research-2026-06-19-mt-sen,seth-bodnar,,24
tavern-research-2026-06-19-mt-sen,kyle-austin,,2
public-opinion-strategies-2026-06-11-mt-sen,kurt-alme,,44
public-opinion-strategies-2026-06-11-mt-sen,alani-bankhead,,25
public-opinion-strategies-2026-06-11-mt-sen,seth-bodnar,,20
public-opinion-strategies-2026-06-11-mt-sen,kyle-austin,,4
public-opinion-strategies-2026-06-11-mt-sen,,Undecided,7
wedgewood-polls-2026-09-16-ne-sen,pete-ricketts,,52
wedgewood-polls-2026-09-16-ne-sen,dan-osborn,,48
surveyusa-2026-09-13-ne-sen,pete-ricketts,,42
surveyusa-2026-09-13-ne-sen,dan-osborn,,46
surveyusa-2026-09-13-ne-sen,,Other,4
surveyusa-2026-09-13-ne-sen,,Undecided,7
impact-research-2026-08-13-ne-sen,pete-ricketts,,47
impact-research-2026-08-13-ne-sen,dan-osborn,,47
impact-research-2026-08-13-ne-sen,,Undecided,5
tavern-research-2026-05-11-ne-sen,pete-ricketts,,42
tavern-research-2026-05-11-ne-sen,dan-osborn,,47
tavern-research-2026-05-11-ne-sen,,Undecided,12
impact-research-2026-02-05-ne-sen,pete-ricketts,,48
impact-research-2026-02-05-ne-sen,dan-osborn,,47
impact-research-2026-02-05-ne-sen,,Undecided,5
lake-research-partners-2025-12-17-ne-sen,pete-ricketts,,48
lake-research-partners-2025-12-17-ne-sen,dan-osborn,,47
lake-research-partners-2025-12-17-ne-sen,,Undecided,5
change-research-2025-04-01-ne-sen,pete-ricketts,,46
change-research-2025-04-01-ne-sen,dan-osborn,,45
change-research-2025-04-01-ne-sen,,Undecided,9
new-york-times-siena-university-2026-09-22-nh-sen,chris-pappas,,50
new-york-times-siena-university-2026-09-22-nh-sen,john-sununu,,45
new-york-times-siena-university-2026-09-22-nh-sen,,Undecided,5
university-of-new-hampshire-2026-09-21-nh-sen,chris-pappas,,50
university-of-new-hampshire-2026-09-21-nh-sen,john-sununu,,42
university-of-new-hampshire-2026-09-21-nh-sen,,Other,4
university-of-new-hampshire-2026-09-21-nh-sen,,Undecided,4
insideradvantage-2026-09-17-nh-sen,chris-pappas,,48
insideradvantage-2026-09-17-nh-sen,john-sununu,,40
insideradvantage-2026-09-17-nh-sen,,Other,3
insideradvantage-2026-09-17-nh-sen,,Undecided,9
co-efficient-2026-09-11-nh-sen,chris-pappas,,46
co-efficient-2026-09-11-nh-sen,john-sununu,,46
co-efficient-2026-09-11-nh-sen,,Undecided,9
fabrizio-lee-associates-2026-08-30-nh-sen,chris-pappas,,36
fabrizio-lee-associates-2026-08-30-nh-sen,john-sununu,,37
fabrizio-lee-associates-2026-08-30-nh-sen,,Other,4
fabrizio-lee-associates-2026-08-30-nh-sen,,Undecided,23
university-of-new-hampshire-2026-08-24-nh-sen,chris-pappas,,43
university-of-new-hampshire-2026-08-24-nh-sen,john-sununu,,45
university-of-new-hampshire-2026-08-24-nh-sen,,Other,5
university-of-new-hampshire-2026-08-24-nh-sen,,Undecided,7
saint-anselm-college-2026-08-18-nh-sen,chris-pappas,,48
saint-anselm-college-2026-08-18-nh-sen,john-sununu,,41
saint-anselm-college-2026-08-18-nh-sen,,Undecided,11
peak-insights-2026-06-27-nh-sen,chris-pappas,,43
peak-insights-2026-06-27-nh-sen,john-sununu,,42
peak-insights-2026-06-27-nh-sen,,Undecided,15
saint-anselm-college-2026-06-25-nh-sen,chris-pappas,,47
saint-anselm-college-2026-06-25-nh-sen,john-sununu,,41
saint-anselm-college-2026-06-25-nh-sen,,Undecided,12
university-of-new-hampshire-2026-06-23-nh-sen,chris-pappas,,47
university-of-new-hampshire-2026-06-23-nh-sen,john-sununu,,44
university-of-new-hampshire-2026-06-23-nh-sen,,Other,2
university-of-new-hampshire-2026-06-23-nh-sen,,Undecided,7
university-of-new-hampshire-2026-04-21-nh-sen,chris-pappas,,49
university-of-new-hampshire-2026-04-21-nh-sen,john-sununu,,42
university-of-new-hampshire-2026-04-21-nh-sen,,Other,4
university-of-new-hampshire-2026-04-21-nh-sen,,Undecided,6
emerson-college-2026-03-23-nh-sen,chris-pappas,,45
emerson-college-2026-03-23-nh-sen,john-sununu,,44
emerson-college-2026-03-23-nh-sen,,Other,5
emerson-college-2026-03-23-nh-sen,,Undecided,6
saint-anselm-college-2026-03-18-nh-sen,chris-pappas,,46
saint-anselm-college-2026-03-18-nh-sen,john-sununu,,43
saint-anselm-college-2026-03-18-nh-sen,,Undecided,11
yes-every-kid-2026-01-29-nh-sen,chris-pappas,,45
yes-every-kid-2026-01-29-nh-sen,john-sununu,,41
yes-every-kid-2026-01-29-nh-sen,,Undecided,14
university-of-new-hampshire-2026-01-19-nh-sen,chris-pappas,,50
university-of-new-hampshire-2026-01-19-nh-sen,john-sununu,,45
university-of-new-hampshire-2026-01-19-nh-sen,,Other,1
university-of-new-hampshire-2026-01-19-nh-sen,,Undecided,5
nhjournal-praecones-analytica-2025-12-28-nh-sen,chris-pappas,,42
nhjournal-praecones-analytica-2025-12-28-nh-sen,john-sununu,,36
nhjournal-praecones-analytica-2025-12-28-nh-sen,,Undecided,22
guidant-polling-and-strategy-2025-12-11-nh-sen,chris-pappas,,47
guidant-polling-and-strategy-2025-12-11-nh-sen,john-sununu,,44
guidant-polling-and-strategy-2025-12-11-nh-sen,,Undecided,9
saint-anselm-college-2025-11-19-nh-sen,chris-pappas,,44
saint-anselm-college-2025-11-19-nh-sen,john-sununu,,41
saint-anselm-college-2025-11-19-nh-sen,,Undecided,16
co-efficient-2025-10-13-nh-sen,chris-pappas,,45
co-efficient-2025-10-13-nh-sen,john-sununu,,42
co-efficient-2025-10-13-nh-sen,,Undecided,12
university-of-new-hampshire-2025-09-23-nh-sen,chris-pappas,,49
university-of-new-hampshire-2025-09-23-nh-sen,john-sununu,,43
university-of-new-hampshire-2025-09-23-nh-sen,,Other,1
university-of-new-hampshire-2025-09-23-nh-sen,,Undecided,7
1892-polling-2025-09-04-nh-sen,chris-pappas,,45
1892-polling-2025-09-04-nh-sen,john-sununu,,43
1892-polling-2025-09-04-nh-sen,,Undecided,12
quantus-insights-2026-09-22-nc-sen,michael-whatley,,43
quantus-insights-2026-09-22-nc-sen,roy-cooper,,48
quantus-insights-2026-09-22-nc-sen,,Other,5
quantus-insights-2026-09-22-nc-sen,,Undecided,4
yougov-2026-09-18-nc-sen,michael-whatley,,41
yougov-2026-09-18-nc-sen,roy-cooper,,53
yougov-2026-09-18-nc-sen,,Other,1
yougov-2026-09-18-nc-sen,,Undecided,4
high-point-university-2026-09-16-nc-sen,michael-whatley,,42
high-point-university-2026-09-16-nc-sen,roy-cooper,,50
high-point-university-2026-09-16-nc-sen,,Other,3
high-point-university-2026-09-16-nc-sen,,Undecided,5
harper-polling-2026-09-15-nc-sen,michael-whatley,,34
harper-polling-2026-09-15-nc-sen,roy-cooper,,49
harper-polling-2026-09-15-nc-sen,,Other,5
harper-polling-2026-09-15-nc-sen,,Undecided,12
the-trafalgar-group-2026-09-10-nc-sen,michael-whatley,,42
the-trafalgar-group-2026-09-10-nc-sen,roy-cooper,,48
the-trafalgar-group-2026-09-10-nc-sen,,Other,3
the-trafalgar-group-2026-09-10-nc-sen,,Undecided,7
east-carolina-university-2026-09-03-nc-sen,michael-whatley,,39
east-carolina-university-2026-09-03-nc-sen,roy-cooper,,46
east-carolina-university-2026-09-03-nc-sen,,Other,3
east-carolina-university-2026-09-03-nc-sen,,Undecided,14
high-point-university-yougov-2026-08-12-nc-sen,michael-whatley,,45
high-point-university-yougov-2026-08-12-nc-sen,roy-cooper,,50
high-point-university-yougov-2026-08-12-nc-sen,,Other,3
high-point-university-yougov-2026-08-12-nc-sen,,Undecided,3
change-research-2026-08-06-nc-sen,michael-whatley,,43
change-research-2026-08-06-nc-sen,roy-cooper,,50
change-research-2026-08-06-nc-sen,,Undecided,7
change-research-2026-08-01-nc-sen,michael-whatley,,41
change-research-2026-08-01-nc-sen,roy-cooper,,50
change-research-2026-08-01-nc-sen,,Undecided,9
elon-university-yougov-2026-07-31-nc-sen,michael-whatley,,42
elon-university-yougov-2026-07-31-nc-sen,roy-cooper,,53
elon-university-yougov-2026-07-31-nc-sen,,Other,3
elon-university-yougov-2026-07-31-nc-sen,,Undecided,2
beacon-research-d-shaw-co-research-2026-07-27-nc-sen,michael-whatley,,44
beacon-research-d-shaw-co-research-2026-07-27-nc-sen,roy-cooper,,53
beacon-research-d-shaw-co-research-2026-07-27-nc-sen,,Undecided,3
public-policy-polling-2026-07-11-nc-sen,michael-whatley,,44
public-policy-polling-2026-07-11-nc-sen,roy-cooper,,48
public-policy-polling-2026-07-11-nc-sen,,Undecided,8
new-york-times-siena-university-2026-06-27-nc-sen,michael-whatley,,43
new-york-times-siena-university-2026-06-27-nc-sen,roy-cooper,,50
new-york-times-siena-university-2026-06-27-nc-sen,,Undecided,6
catawba-college-yougov-2026-06-10-nc-sen,michael-whatley,,34
catawba-college-yougov-2026-06-10-nc-sen,roy-cooper,,48
catawba-college-yougov-2026-06-10-nc-sen,,Undecided,18
harper-polling-2026-05-11-nc-sen,michael-whatley,,39
harper-polling-2026-05-11-nc-sen,roy-cooper,,50
harper-polling-2026-05-11-nc-sen,,Undecided,11
change-research-2026-05-08-nc-sen,michael-whatley,,42
change-research-2026-05-08-nc-sen,roy-cooper,,49
change-research-2026-05-08-nc-sen,,Undecided,9
opinion-diagnostics-2026-04-24-nc-sen,michael-whatley,,41
opinion-diagnostics-2026-04-24-nc-sen,roy-cooper,,50
opinion-diagnostics-2026-04-24-nc-sen,,Undecided,9
high-point-university-yougov-2026-04-06-nc-sen,michael-whatley,,42
high-point-university-yougov-2026-04-06-nc-sen,roy-cooper,,50
high-point-university-yougov-2026-04-06-nc-sen,,Other,2
high-point-university-yougov-2026-04-06-nc-sen,,Undecided,6
quantus-insights-2026-04-01-nc-sen,michael-whatley,,44
quantus-insights-2026-04-01-nc-sen,roy-cooper,,49
quantus-insights-2026-04-01-nc-sen,,Other,2
quantus-insights-2026-04-01-nc-sen,,Undecided,6
harper-polling-2026-03-23-nc-sen,michael-whatley,,41
harper-polling-2026-03-23-nc-sen,roy-cooper,,49
harper-polling-2026-03-23-nc-sen,,Other,4
harper-polling-2026-03-23-nc-sen,,Undecided,6
catawba-college-yougov-2026-03-18-nc-sen,michael-whatley,,34
catawba-college-yougov-2026-03-18-nc-sen,roy-cooper,,48
catawba-college-yougov-2026-03-18-nc-sen,,Other,4
catawba-college-yougov-2026-03-18-nc-sen,,Undecided,14
public-policy-polling-2026-03-14-nc-sen,michael-whatley,,44
public-policy-polling-2026-03-14-nc-sen,roy-cooper,,47
public-policy-polling-2026-03-14-nc-sen,,Undecided,9
nexus-strategies-strategic-partners-solu-2026-03-09-nc-sen,michael-whatley,,32
nexus-strategies-strategic-partners-solu-2026-03-09-nc-sen,roy-cooper,,50
nexus-strategies-strategic-partners-solu-2026-03-09-nc-sen,,Other,4
nexus-strategies-strategic-partners-solu-2026-03-09-nc-sen,,Undecided,14
change-research-2026-02-04-nc-sen,michael-whatley,,40
change-research-2026-02-04-nc-sen,roy-cooper,,50
change-research-2026-02-04-nc-sen,,Other,4
change-research-2026-02-04-nc-sen,,Undecided,7
tipp-insights-2026-01-15-nc-sen,michael-whatley,,24
tipp-insights-2026-01-15-nc-sen,roy-cooper,,48
tipp-insights-2026-01-15-nc-sen,,Undecided,27
change-research-2026-01-07-nc-sen,michael-whatley,,42
change-research-2026-01-07-nc-sen,roy-cooper,,47
change-research-2026-01-07-nc-sen,,Other,1
change-research-2026-01-07-nc-sen,,Undecided,9
harper-polling-2025-11-10-nc-sen,michael-whatley,,39
harper-polling-2025-11-10-nc-sen,roy-cooper,,47
harper-polling-2025-11-10-nc-sen,,Other,4
harper-polling-2025-11-10-nc-sen,,Undecided,10
harper-polling-2025-09-15-nc-sen,michael-whatley,,42
harper-polling-2025-09-15-nc-sen,roy-cooper,,46
harper-polling-2025-09-15-nc-sen,,Other,4
harper-polling-2025-09-15-nc-sen,,Undecided,8
change-research-2025-09-08-nc-sen,michael-whatley,,41
change-research-2025-09-08-nc-sen,roy-cooper,,48
change-research-2025-09-08-nc-sen,,Undecided,11
harper-polling-2025-08-12-nc-sen,michael-whatley,,39
harper-polling-2025-08-12-nc-sen,roy-cooper,,47
harper-polling-2025-08-12-nc-sen,,Other,4
harper-polling-2025-08-12-nc-sen,,Undecided,10
emerson-college-2025-07-30-nc-sen,michael-whatley,,41
emerson-college-2025-07-30-nc-sen,roy-cooper,,47
emerson-college-2025-07-30-nc-sen,,Undecided,12
victory-insights-2025-07-30-nc-sen,michael-whatley,,40
victory-insights-2025-07-30-nc-sen,roy-cooper,,43
victory-insights-2025-07-30-nc-sen,,Undecided,16
university-of-new-hampshire-2026-09-21-ri-sen,jack-reed,,53
university-of-new-hampshire-2026-09-21-ri-sen,raymond-mckay,,33
university-of-new-hampshire-2026-09-21-ri-sen,,Other,6
university-of-new-hampshire-2026-09-21-ri-sen,,Undecided,8
university-of-new-hampshire-2026-08-24-ri-sen,jack-reed,,51
university-of-new-hampshire-2026-08-24-ri-sen,raymond-mckay,,31
university-of-new-hampshire-2026-08-24-ri-sen,,Other,6
university-of-new-hampshire-2026-08-24-ri-sen,,Undecided,13
university-of-new-hampshire-2026-06-23-ri-sen,jack-reed,,52
university-of-new-hampshire-2026-06-23-ri-sen,raymond-mckay,,35
university-of-new-hampshire-2026-06-23-ri-sen,,Other,1
university-of-new-hampshire-2026-06-23-ri-sen,,Undecided,12
university-of-new-hampshire-2026-04-20-ri-sen,jack-reed,,52
university-of-new-hampshire-2026-04-20-ri-sen,raymond-mckay,,34
university-of-new-hampshire-2026-04-20-ri-sen,,Other,2
university-of-new-hampshire-2026-04-20-ri-sen,,Undecided,12
abacus-data-2026-08-28-sc-sen,darline-graham,,55
abacus-data-2026-08-28-sc-sen,annie-andrews,,42
abacus-data-2026-08-28-sc-sen,,Other,3
impact-research-2026-08-24-sc-sen,darline-graham,,41
impact-research-2026-08-24-sc-sen,annie-andrews,,41
impact-research-2026-08-24-sc-sen,,Other,5
impact-research-2026-08-24-sc-sen,,Undecided,13
impact-research-2026-08-22-sc-sen,darline-graham,,39
impact-research-2026-08-22-sc-sen,annie-andrews,,42
impact-research-2026-08-22-sc-sen,,Other,6
impact-research-2026-08-22-sc-sen,,Undecided,13
public-policy-polling-2026-09-09-sd-sen,mike-rounds,,45
public-policy-polling-2026-09-09-sd-sen,brian-l-bengs,,42
public-policy-polling-2026-09-09-sd-sen,,Undecided,13
impact-research-2026-08-17-sd-sen,mike-rounds,,44
impact-research-2026-08-17-sd-sen,brian-l-bengs,,44
impact-research-2026-08-17-sd-sen,,Undecided,12
public-opinion-strategies-2026-07-09-sd-sen,mike-rounds,,56
public-opinion-strategies-2026-07-09-sd-sen,brian-l-bengs,,33
public-opinion-strategies-2026-07-09-sd-sen,,Undecided,11
public-policy-polling-2026-05-30-sd-sen,mike-rounds,,44
public-policy-polling-2026-05-30-sd-sen,brian-l-bengs,,40
public-policy-polling-2026-05-30-sd-sen,,Undecided,16
public-policy-polling-2026-02-18-sd-sen,mike-rounds,,47
public-policy-polling-2026-02-18-sd-sen,brian-l-bengs,,35
public-policy-polling-2026-02-18-sd-sen,,Undecided,19
public-policy-polling-2025-11-14-sd-sen,mike-rounds,,44
public-policy-polling-2025-11-14-sd-sen,brian-l-bengs,,31
public-policy-polling-2025-11-14-sd-sen,,Undecided,25
targoz-market-research-2026-08-26-tn-sen,bill-hagerty,,51
targoz-market-research-2026-08-26-tn-sen,marquita-bradshaw,,31
targoz-market-research-2026-08-26-tn-sen,,Other,6
targoz-market-research-2026-08-26-tn-sen,,Undecided,12
marist-university-2026-09-20-tx-sen,ken-paxton,,44
marist-university-2026-09-20-tx-sen,james-talarico,,50
marist-university-2026-09-20-tx-sen,,Other,2
marist-university-2026-09-20-tx-sen,,Undecided,4
texas-southern-university-2026-09-19-tx-sen,ken-paxton,,46
texas-southern-university-2026-09-19-tx-sen,james-talarico,,47
texas-southern-university-2026-09-19-tx-sen,,Other,3
texas-southern-university-2026-09-19-tx-sen,,Undecided,4
trafalgar-group-2026-09-17-tx-sen,ken-paxton,,45
trafalgar-group-2026-09-17-tx-sen,james-talarico,,46
trafalgar-group-2026-09-17-tx-sen,,Other,3
trafalgar-group-2026-09-17-tx-sen,,Undecided,6
socal-strategies-2026-09-13-tx-sen,ken-paxton,,45
socal-strategies-2026-09-13-tx-sen,james-talarico,,50
socal-strategies-2026-09-13-tx-sen,,Undecided,5
reconmr-siena-university-2026-09-11-tx-sen,ken-paxton,,43
reconmr-siena-university-2026-09-11-tx-sen,james-talarico,,49
reconmr-siena-university-2026-09-11-tx-sen,,Other,4
reconmr-siena-university-2026-09-11-tx-sen,,Undecided,4
mason-dixon-2026-09-10-tx-sen,ken-paxton,,43
mason-dixon-2026-09-10-tx-sen,james-talarico,,46
mason-dixon-2026-09-10-tx-sen,,Other,3
mason-dixon-2026-09-10-tx-sen,,Undecided,8
univision-yougov-2026-09-04-tx-sen,ken-paxton,,43
univision-yougov-2026-09-04-tx-sen,james-talarico,,48
univision-yougov-2026-09-04-tx-sen,,Other,1
univision-yougov-2026-09-04-tx-sen,,Undecided,7
fabrizio-ward-r-impact-research-2026-09-01-tx-sen,ken-paxton,,44
fabrizio-ward-r-impact-research-2026-09-01-tx-sen,james-talarico,,48
fabrizio-ward-r-impact-research-2026-09-01-tx-sen,,Undecided,8
overton-insights-2026-08-26-tx-sen,ken-paxton,,50
overton-insights-2026-08-26-tx-sen,james-talarico,,50
texas-public-opinion-research-2026-08-24-tx-sen,ken-paxton,,42
texas-public-opinion-research-2026-08-24-tx-sen,james-talarico,,48
texas-public-opinion-research-2026-08-24-tx-sen,,Other,2
texas-public-opinion-research-2026-08-24-tx-sen,,Undecided,7
university-of-texas-texas-politics-proje-2026-08-13-tx-sen,ken-paxton,,39
university-of-texas-texas-politics-proje-2026-08-13-tx-sen,james-talarico,,42
university-of-texas-texas-politics-proje-2026-08-13-tx-sen,,Other,4
university-of-texas-texas-politics-proje-2026-08-13-tx-sen,,Undecided,14
emerson-college-2026-08-10-tx-sen,ken-paxton,,47
emerson-college-2026-08-10-tx-sen,james-talarico,,46
emerson-college-2026-08-10-tx-sen,,Other,2
emerson-college-2026-08-10-tx-sen,,Undecided,5
wedgewood-polls-2026-07-31-tx-sen,ken-paxton,,46
wedgewood-polls-2026-07-31-tx-sen,james-talarico,,48
wedgewood-polls-2026-07-31-tx-sen,,Undecided,6
yougov-blue-2026-07-31-tx-sen,ken-paxton,,45
yougov-blue-2026-07-31-tx-sen,james-talarico,,48
yougov-blue-2026-07-31-tx-sen,,Undecided,6
texas-a-m-university-reconmr-siena-unive-2026-07-30-tx-sen,ken-paxton,,43
texas-a-m-university-reconmr-siena-unive-2026-07-30-tx-sen,james-talarico,,47
texas-a-m-university-reconmr-siena-unive-2026-07-30-tx-sen,,Other,4
texas-a-m-university-reconmr-siena-unive-2026-07-30-tx-sen,,Undecided,6
texas-southern-university-2026-07-30-tx-sen,ken-paxton,,45
texas-southern-university-2026-07-30-tx-sen,james-talarico,,47
texas-southern-university-2026-07-30-tx-sen,,Other,2
texas-southern-university-2026-07-30-tx-sen,,Undecided,6
beacon-research-d-shaw-co-research-2026-07-27-tx-sen,ken-paxton,,48
beacon-research-d-shaw-co-research-2026-07-27-tx-sen,james-talarico,,51
beacon-research-d-shaw-co-research-2026-07-27-tx-sen,,Undecided,3
texas-public-opinion-research-2026-07-17-tx-sen,ken-paxton,,40
texas-public-opinion-research-2026-07-17-tx-sen,james-talarico,,45
texas-public-opinion-research-2026-07-17-tx-sen,,Other,1
texas-public-opinion-research-2026-07-17-tx-sen,,Undecided,14
a2-insights-2026-06-28-tx-sen,ken-paxton,,46
a2-insights-2026-06-28-tx-sen,james-talarico,,48
a2-insights-2026-06-28-tx-sen,,Other,3
a2-insights-2026-06-28-tx-sen,,Undecided,3
new-york-times-siena-university-2026-06-27-tx-sen,ken-paxton,,47
new-york-times-siena-university-2026-06-27-tx-sen,james-talarico,,47
new-york-times-siena-university-2026-06-27-tx-sen,,Undecided,6
socal-strategies-2026-06-21-tx-sen,ken-paxton,,49
socal-strategies-2026-06-21-tx-sen,james-talarico,,47
socal-strategies-2026-06-21-tx-sen,,Undecided,4
university-of-texas-texas-politics-proje-2026-06-12-tx-sen,ken-paxton,,43
university-of-texas-texas-politics-proje-2026-06-12-tx-sen,james-talarico,,42
university-of-texas-texas-politics-proje-2026-06-12-tx-sen,,Other,6
university-of-texas-texas-politics-proje-2026-06-12-tx-sen,,Undecided,10
quantus-insights-2026-06-04-tx-sen,ken-paxton,,45
quantus-insights-2026-06-04-tx-sen,james-talarico,,43
quantus-insights-2026-06-04-tx-sen,,Other,4
quantus-insights-2026-06-04-tx-sen,,Undecided,7
texas-a-m-university-reconmr-siena-unive-2026-06-04-tx-sen,ken-paxton,,46
texas-a-m-university-reconmr-siena-unive-2026-06-04-tx-sen,james-talarico,,46
texas-a-m-university-reconmr-siena-unive-2026-06-04-tx-sen,,Other,4
texas-a-m-university-reconmr-siena-unive-2026-06-04-tx-sen,,Undecided,5
texas-public-opinion-research-2026-05-28-tx-sen,ken-paxton,,44
texas-public-opinion-research-2026-05-28-tx-sen,james-talarico,,47
texas-public-opinion-research-2026-05-28-tx-sen,,Other,3
texas-public-opinion-research-2026-05-28-tx-sen,,Undecided,7
public-policy-polling-2026-05-23-tx-sen,ken-paxton,,38
public-policy-polling-2026-05-23-tx-sen,james-talarico,,45
public-policy-polling-2026-05-23-tx-sen,,Other,3
public-policy-polling-2026-05-23-tx-sen,,Undecided,14
texas-southern-university-2026-05-06-tx-sen,ken-paxton,,45
texas-southern-university-2026-05-06-tx-sen,james-talarico,,45
texas-southern-university-2026-05-06-tx-sen,,Other,2
texas-southern-university-2026-05-06-tx-sen,,Undecided,8
texas-public-opinion-research-2026-04-20-tx-sen,ken-paxton,,41
texas-public-opinion-research-2026-04-20-tx-sen,james-talarico,,46
texas-public-opinion-research-2026-04-20-tx-sen,,Undecided,9
university-of-texas-texas-politics-proje-2026-04-20-tx-sen,ken-paxton,,34
university-of-texas-texas-politics-proje-2026-04-20-tx-sen,james-talarico,,42
university-of-texas-texas-politics-proje-2026-04-20-tx-sen,,Other,5
university-of-texas-texas-politics-proje-2026-04-20-tx-sen,,Undecided,19
impact-research-2026-03-17-tx-sen,ken-paxton,,43
impact-research-2026-03-17-tx-sen,james-talarico,,44
impact-research-2026-03-17-tx-sen,,Other,5
impact-research-2026-03-17-tx-sen,,Undecided,7
public-policy-polling-2026-03-05-tx-sen,ken-paxton,,45
public-policy-polling-2026-03-05-tx-sen,james-talarico,,47
public-policy-polling-2026-03-05-tx-sen,,Undecided,8
university-of-houston-yougov-2026-01-31-tx-sen,ken-paxton,,46
university-of-houston-yougov-2026-01-31-tx-sen,james-talarico,,44
university-of-houston-yougov-2026-01-31-tx-sen,,Other,3
university-of-houston-yougov-2026-01-31-tx-sen,,Undecided,7
emerson-college-2026-01-12-tx-sen,ken-paxton,,46
emerson-college-2026-01-12-tx-sen,james-talarico,,46
emerson-college-2026-01-12-tx-sen,,Undecided,9
ragnar-research-partners-2025-11-17-tx-sen,ken-paxton,,44
ragnar-research-partners-2025-11-17-tx-sen,james-talarico,,44
ragnar-research-partners-2025-11-17-tx-sen,,Undecided,12
ut-tyler-2025-09-24-tx-sen,ken-paxton,,38
ut-tyler-2025-09-24-tx-sen,james-talarico,,37
ut-tyler-2025-09-24-tx-sen,,Other,8
ut-tyler-2025-09-24-tx-sen,,Undecided,17
ragnar-research-partners-2026-03-14-az-06,juan-ciscomani,,44
ragnar-research-partners-2026-03-14-az-06,joanna-mendoza,,47
ragnar-research-partners-2026-03-14-az-06,,Undecided,9
public-policy-polling-2025-10-15-az-06,juan-ciscomani,,41
public-policy-polling-2025-10-15-az-06,joanna-mendoza,,42
public-policy-polling-2025-10-15-az-06,,Undecided,17
mclaughlin-and-associates-2026-09-17-co-08,gabe-evans,,48
mclaughlin-and-associates-2026-09-17-co-08,manny-rutinel,,46
mclaughlin-and-associates-2026-09-17-co-08,,Undecided,6
st-pete-polls-2026-07-15-fl-14,kathy-castor,,46
st-pete-polls-2026-07-15-fl-14,mike-beltran,,38
st-pete-polls-2026-07-15-fl-14,,Undecided,16
beacon-insights-2026-05-02-fl-25,jared-moskowitz,,43
beacon-insights-2026-05-02-fl-25,scott-singer,,33
beacon-insights-2026-05-02-fl-25,,Undecided,24
the-bullfinch-group-independent-center-2026-07-16-ia-01,mariannette-miller-meeks,,35
the-bullfinch-group-independent-center-2026-07-16-ia-01,christina-bohannan,,40
the-bullfinch-group-independent-center-2026-07-16-ia-01,michael-bridgford,,11
the-bullfinch-group-independent-center-2026-07-16-ia-01,,Undecided,11
public-policy-polling-2025-06-19-ia-01,mariannette-miller-meeks,,39
public-policy-polling-2025-06-19-ia-01,christina-bohannan,,43
public-policy-polling-2025-06-19-ia-01,,Undecided,18
ragnar-research-partners-2026-03-14-ia-03,zach-nunn,,48
ragnar-research-partners-2026-03-14-ia-03,sarah-trone-garriott,,42
ragnar-research-partners-2026-03-14-ia-03,,Undecided,10
global-strategy-group-2026-08-13-mi-10,michael-bouchard,,45
global-strategy-group-2026-08-13-mi-10,christina-bertrand-hines,,45
global-strategy-group-2026-08-13-mi-10,,Undecided,10
public-policy-polling-2026-01-17-mi-10,michael-bouchard,,42
public-policy-polling-2026-01-17-mi-10,christina-bertrand-hines,,44
public-policy-polling-2026-01-17-mi-10,,Undecided,14
co-efficient-2026-07-22-ny-17,mike-lawler,,50
co-efficient-2026-07-22-ny-17,cait-conley,,45
co-efficient-2026-07-22-ny-17,,Undecided,5
fm3-research-2026-07-01-ny-17,mike-lawler,,45
fm3-research-2026-07-01-ny-17,cait-conley,,51
fm3-research-2026-07-01-ny-17,,Undecided,4
bedrock-polling-2026-08-10-oh-07,max-miller,,35
bedrock-polling-2026-08-10-oh-07,brian-poindexter,,43
bedrock-polling-2026-08-10-oh-07,,Other,6
bedrock-polling-2026-08-10-oh-07,,Undecided,16
tavern-research-2026-08-05-oh-07,max-miller,,46
tavern-research-2026-08-05-oh-07,brian-poindexter,,54
gbao-2026-06-20-oh-07,max-miller,,44
gbao-2026-06-20-oh-07,brian-poindexter,,43
gbao-2026-06-20-oh-07,,Undecided,13
mclaughlin-associates-2026-04-20-oh-09,marcy-kaptur,,43
mclaughlin-associates-2026-04-20-oh-09,derek-merrin,,47
mclaughlin-associates-2026-04-20-oh-09,,Other,3
mclaughlin-associates-2026-04-20-oh-09,,Undecided,7
gbao-2026-07-02-pa-07,ryan-mackenzie,,43
gbao-2026-07-02-pa-07,bob-brooks,,47
gbao-2026-07-02-pa-07,,Undecided,10
lake-research-partners-2026-06-23-pa-08,rob-bresnahan,,45
lake-research-partners-2026-06-23-pa-08,paige-cognetti,,47
lake-research-partners-2026-06-23-pa-08,,Undecided,8
impact-research-2026-06-11-pa-08,rob-bresnahan,,45
impact-research-2026-06-11-pa-08,paige-cognetti,,46
impact-research-2026-06-11-pa-08,,Undecided,9
public-policy-polling-2025-08-28-pa-08,rob-bresnahan,,43
public-policy-polling-2025-08-28-pa-08,paige-cognetti,,45
public-policy-polling-2025-08-28-pa-08,,Undecided,13
normington-petts-2026-04-23-pa-10,scott-perry,,45
normington-petts-2026-04-23-pa-10,janelle-stelson,,51
normington-petts-2026-04-23-pa-10,,Undecided,4
public-policy-polling-2025-11-19-pa-10,scott-perry,,44
public-policy-polling-2025-11-19-pa-10,janelle-stelson,,48
public-policy-polling-2025-11-19-pa-10,,Undecided,8
public-policy-polling-2025-07-11-pa-10,scott-perry,,43
public-policy-polling-2025-07-11-pa-10,janelle-stelson,,46
public-policy-polling-2025-07-11-pa-10,,Undecided,11
public-policy-research-texas-southern-un-2026-08-22-tx-34,vicente-gonzalez,,45
public-policy-research-texas-southern-un-2026-08-22-tx-34,eric-flores,,42
public-policy-research-texas-southern-un-2026-08-22-tx-34,,Other,5
public-policy-research-texas-southern-un-2026-08-22-tx-34,,Undecided,8
co-efficient-2026-04-29-tx-34,vicente-gonzalez,,40
co-efficient-2026-04-29-tx-34,eric-flores,,41
co-efficient-2026-04-29-tx-34,,Undecided,19
co-efficient-2026-04-29-wa-03,marie-gluesenkamp-perez,,34
co-efficient-2026-04-29-wa-03,john-braun,,41
co-efficient-2026-04-29-wa-03,,Undecided,26
fm3-research-2026-06-25-wi-03,derrick-van-orden,,46
fm3-research-2026-06-25-wi-03,rebecca-cooke,,50
fm3-research-2026-06-25-wi-03,,Undecided,4
impact-research-2026-05-31-wi-03,derrick-van-orden,,46
impact-research-2026-05-31-wi-03,rebecca-cooke,,50
impact-research-2026-05-31-wi-03,,Undecided,4
impact-research-2026-02-17-wi-03,derrick-van-orden,,48
impact-research-2026-02-17-wi-03,rebecca-cooke,,49
impact-research-2026-02-17-wi-03,,Undecided,3
public-policy-polling-2025-10-15-wi-03,derrick-van-orden,,42
public-policy-polling-2025-10-15-wi-03,rebecca-cooke,,44
public-policy-polling-2025-10-15-wi-03,,Undecided,13
trafalgar-group-2026-09-16-oh-sen-special,sherrod-brown,,45.4
trafalgar-group-2026-09-16-oh-sen-special,jon-husted,,41.5
trafalgar-group-2026-09-16-oh-sen-special,,Other,6.0
trafalgar-group-2026-09-16-oh-sen-special,,Undecided,7.1
fabrizio-ward-r-impact-research-2026-09-11-ak-sen,mary-peltola,,46
fabrizio-ward-r-impact-research-2026-09-11-ak-sen,dan-sullivan,,41
j-l-partners-2026-08-18-ar-sen,tom-cotton,,51
j-l-partners-2026-08-18-ar-sen,hallie-shoffner,,35
j-l-partners-2026-08-18-ar-sen,jeff-wadlin,,4
j-l-partners-2026-08-18-ar-sen,,Undecided,11
cygnal-2026-09-11-ia-sen,ashley-hinson,,42.9
cygnal-2026-09-11-ia-sen,josh-turek,,42.9
cygnal-2026-09-11-ia-sen,thomas-laehn,,3.6
cygnal-2026-09-11-ia-sen,,Undecided,10.6
rasmussen-reports-2026-09-10-ia-sen,josh-turek,,45
rasmussen-reports-2026-09-10-ia-sen,ashley-hinson,,40
rasmussen-reports-2026-09-10-ia-sen,thomas-laehn,,4
rasmussen-reports-2026-09-10-ia-sen,,Undecided,11
suffolk-university-2026-09-20-mi-sen,abdul-el-sayed,,46.8
suffolk-university-2026-09-20-mi-sen,mike-rogers,,39.6
suffolk-university-2026-09-20-mi-sen,lydia-christensen,,0.8
suffolk-university-2026-09-20-mi-sen,tim-long,,0.2
suffolk-university-2026-09-20-mi-sen,douglas-marsh,,0.2
suffolk-university-2026-09-20-mi-sen,walter-kristy,,0.6
suffolk-university-2026-09-20-mi-sen,,Other/write-in,0.8
suffolk-university-2026-09-20-mi-sen,,Undecided,8.0
suffolk-university-2026-09-20-mi-sen,,Refused,3.0
trafalgar-group-2026-09-09-mi-sen,abdul-el-sayed,,46.3
trafalgar-group-2026-09-09-mi-sen,mike-rogers,,44.8
trafalgar-group-2026-09-09-mi-sen,lydia-christensen,,0.8
trafalgar-group-2026-09-09-mi-sen,tim-long,,0.7
trafalgar-group-2026-09-09-mi-sen,douglas-marsh,,0.4
trafalgar-group-2026-09-09-mi-sen,walter-kristy,,0.2
trafalgar-group-2026-09-09-mi-sen,,Undecided,6.8
research-polling-inc-2026-08-28-nm-sen,ben-r-lujan,,53
research-polling-inc-2026-08-28-nm-sen,larry-e-marker,,38
research-polling-inc-2026-08-28-nm-sen,,Undecided/other,9
rasmussen-reports-2026-09-10-nh-sen,chris-pappas,,45
rasmussen-reports-2026-09-10-nh-sen,john-sununu,,34
rasmussen-reports-2026-09-10-nh-sen,,Aaron Day (I),4
rasmussen-reports-2026-09-10-nh-sen,,Tim Harris (I),4
rasmussen-reports-2026-09-10-nh-sen,edmond-laplante,,2
rasmussen-reports-2026-09-10-nh-sen,,Christine Lopez (I),2
rasmussen-reports-2026-09-10-nh-sen,,Jeanne Logan Morrow (I),1
rasmussen-reports-2026-09-10-nh-sen,,Not sure,9
elon-university-yougov-2026-08-31-nc-sen,roy-cooper,,49
elon-university-yougov-2026-08-31-nc-sen,michael-whatley,,38
elon-university-yougov-2026-08-31-nc-sen,shannon-bray,,2
elon-university-yougov-2026-08-31-nc-sen,michael-dublin,,2
elon-university-yougov-2026-08-31-nc-sen,,Undecided,8
harper-polling-2026-08-10-nc-sen,roy-cooper,,51.5
harper-polling-2026-08-10-nc-sen,michael-whatley,,39.0
emerson-college-2026-09-14-tx-sen,james-talarico,,47
emerson-college-2026-09-14-tx-sen,ken-paxton,,46
emerson-college-2026-09-14-tx-sen,ted-brown,,2
emerson-college-2026-09-14-tx-sen,,Undecided,4
global-strategy-group-2026-08-13-mi-07,william-lawrence,,49
global-strategy-group-2026-08-13-mi-07,tom-barrett,,47
franklin-marshall-college-2026-09-20-pa-07,bob-brooks,,45
franklin-marshall-college-2026-09-20-pa-07,ryan-mackenzie,,40
franklin-marshall-college-2026-09-20-pa-07,,Undecided,15
franklin-marshall-college-2026-09-20-pa-10,janelle-stelson,,47
franklin-marshall-college-2026-09-20-pa-10,scott-perry,,44
franklin-marshall-college-2026-09-20-pa-10,,Undecided,9
chs-associates-2026-08-06-ok-sen,kevin-hern,,49
chs-associates-2026-08-06-ok-sen,n-kiyla-jasmine-thomas,,25
chs-associates-2026-08-06-ok-sen,,Other candidates (combined),8
co-efficient-2026-07-30-oh-07,brian-poindexter,,44
co-efficient-2026-07-30-oh-07,max-miller,,39
co-efficient-2026-07-30-oh-07,,Undecided,16
insideradvantage-2026-09-09-tx-sen,james-talarico,,47.1
insideradvantage-2026-09-09-tx-sen,ken-paxton,,45.6
insideradvantage-2026-09-09-tx-sen,ted-brown,,2.2
insideradvantage-2026-09-09-tx-sen,,Undecided,5.1
insideradvantage-2026-09-09-oh-sen-special,sherrod-brown,,47.3
insideradvantage-2026-09-09-oh-sen-special,jon-husted,,41.9
insideradvantage-2026-09-09-oh-sen-special,,Other candidate,2.6
insideradvantage-2026-09-09-oh-sen-special,,Undecided,8.2
insideradvantage-2026-09-17-mi-sen,abdul-el-sayed,,46.6
insideradvantage-2026-09-17-mi-sen,mike-rogers,,44.7
insideradvantage-2026-09-17-mi-sen,lydia-christensen,,1.4
insideradvantage-2026-09-17-mi-sen,tim-long,,1.1
insideradvantage-2026-09-17-mi-sen,douglas-marsh,,0.8
insideradvantage-2026-09-17-mi-sen,,Undecided,5.4
insideradvantage-2026-09-17-nc-sen,roy-cooper,,48.4
insideradvantage-2026-09-17-nc-sen,michael-whatley,,42.5
insideradvantage-2026-09-17-nc-sen,shannon-bray,,1.6
insideradvantage-2026-09-17-nc-sen,michael-dublin,,1.1
insideradvantage-2026-09-17-nc-sen,,Undecided,6.4
insideradvantage-2026-09-09-sc-sen,darline-graham,,45.1
insideradvantage-2026-09-09-sc-sen,annie-andrews,,43.2
insideradvantage-2026-09-09-sc-sen,,Other candidate,3.2
insideradvantage-2026-09-09-sc-sen,,Undecided,8.5
insideradvantage-2026-09-21-fl-sen-special,ashley-moody,,49.3
insideradvantage-2026-09-21-fl-sen-special,angie-nixon,,41.8
insideradvantage-2026-09-21-fl-sen-special,neil-gillespie,,2.4
insideradvantage-2026-09-21-fl-sen-special,,Undecided,6.5
quantus-insights-2026-09-23-oh-sen-special,sherrod-brown,,45.6
quantus-insights-2026-09-23-oh-sen-special,jon-husted,,45.3
quantus-insights-2026-09-23-oh-sen-special,greg-levy,,2.0
quantus-insights-2026-09-23-oh-sen-special,william-redpath,,1.1
quantus-insights-2026-09-23-oh-sen-special,,Someone else,0.4
quantus-insights-2026-09-23-oh-sen-special,,Undecided,5.5
quantus-insights-2026-09-10-fl-sen-special,ashley-moody,,50.1
quantus-insights-2026-09-10-fl-sen-special,angie-nixon,,42.7
quantus-insights-2026-09-10-fl-sen-special,,Someone else / would not vote,3.2
quantus-insights-2026-09-10-fl-sen-special,,Undecided,4.0
quantus-insights-2026-09-10-mn-sen,peggy-flanagan,,48.2
quantus-insights-2026-09-10-mn-sen,michele-tafoya,,44.4
quantus-insights-2026-09-10-mn-sen,,Undecided,4.3
