id,race,pollster,sponsor,sponsor_type,sponsor_lean,population,sample_size,moe,method,method_detail,field_start,field_end,released,source,status,checked_by,checked_on,notes
tpsi-2026-05-va-sen,va-sen,The Public Sentiment Institute,The Virginia Project,unknown,unknown,LV,1047,3.7,online,"Pollfish ""Random Device Engagement"" (survey shown inside mobile apps)",2026-05-01,2026-05-05,2026-05-05,tpsi-2026-05-05,verified,ai,2026-09-24,"The release says fieldwork ran ""May 1–5, 2025,"" but it was published May 5, 2026 and asks about the 2026 race, so we treat ""2025"" as a typo. Taken before the Aug. 4 Republican primary. Includes Mark Moran, an independent who is not on the November ballot."
tpsi-2026-06-va-sen,va-sen,The Public Sentiment Institute,,not-stated,unknown,LV,996,3.7,online,"Pollfish ""Random Device Engagement"" (survey shown inside mobile apps)",,,2026-06-16,tpsi-2026-06-16,verified,ai,2026-09-24,"The release does not list field dates (Wikipedia lists June 12–16, 2026; we could not confirm that from the pollster). Taken before the Aug. 4 Republican primary. The release gives only the two main candidates' numbers."
dccc-2026-09-va-01,va-01,DCCC Analytics,Democratic Congressional Campaign Committee (DCCC),party,D,LV,519,4.3,unknown,Not stated in the news report,2026-09-15,2026-09-17,2026-09-21,virginiascope-2026-09-21,verified,ai,2026-09-24,"An internal poll by the Democratic Party's House campaign committee, reported by Virginia Scope. The full poll memo isn't public, so we could only check the numbers against the news report. ""Released"" is the date it was reported."
ppp-2025-08-va-01,va-01,Public Policy Polling,House Majority PAC,partisan-aligned,D,unknown,,,unknown,Not stated in the news report,2025-08-08,2025-08-09,2025-09-08,downballot-2025-09-08,verified,ai,2026-09-24,"Sponsored by House Majority PAC, which describes its mission as ""Fighting for a Democratic Majority in the House."" Reported by The Downballot. Wikipedia lists 541 registered voters, ±4.2%, and 19% undecided; we haven't confirmed those numbers, so they're left blank. Taken in August 2025, more than a year before the election. ""Released"" is the date it was reported."
tulchin-2026-07-va-02,va-02,Tulchin Research,House Majority PAC,partisan-aligned,D,LV,700,,unknown,,2026-07-09,2026-07-13,2026-07-24,hmp-va02-memo,pending,,,"Numbers copied from Wikipedia's table. The poll memo is hosted on Politico, which our tools can't read, so a person needs to check it before it goes live."
expedition-2026-08-va-05,va-05,Expedition Strategies,Tom Perriello's campaign,campaign,D,LV,602,3.99,unknown,,2026-07-29,2026-08-01,,perriello-va05-memo,pending,,,"Numbers copied from Wikipedia's table. The poll memo is a Google Drive file our tools can't open, so a person needs to check it before it goes live. Release date not confirmed."
stetson-university-2026-09-21-fl-sen-special,fl-sen-special,Stetson University,,unknown,none,LV,830,4.3,unknown,,2026-09-14,2026-09-21,,poll-3e663db2e7,verified,script,2026-09-25,
insideradvantage-2026-09-21-fl-sen-special,fl-sen-special,InsiderAdvantage,,partisan-aligned,R,LV,600,4.0,unknown,,2026-09-20,2026-09-21,,poll-cd7beae7a1,verified,ai,2026-09-27,Numbers read from the pollster results image.
st-pete-polls-2026-09-17-fl-sen-special,fl-sen-special,St. Pete Polls,,unknown,none,LV,913,3.2,unknown,,2026-09-15,2026-09-17,,poll-e360c18dae,verified,script,2026-09-25,
quantus-insights-2026-09-10-fl-sen-special,fl-sen-special,Quantus Insights,,partisan-aligned,R,LV,733,4.1,unknown,,2026-09-08,2026-09-10,,poll-253c5aad7d,verified,ai,2026-09-27,"Initial ballot. After undecided voters were asked which way they lean: Moody 50.4%, Nixon 43.0%."
change-research-2026-09-09-fl-sen-special,fl-sen-special,Change Research,Freedom Project USA,partisan-aligned,D,LV,1107,2.8,unknown,,2026-09-07,2026-09-09,,poll-bae491a07a,pending,,,Wikipedia marks this as a Democratic-sponsored poll: Poll commissioned by Freedom Project USA Found via Wikipedia. Not yet checked against the original source.
university-of-north-florida-2026-07-17-fl-sen-special,fl-sen-special,University of North Florida,,unknown,none,LV,848,3.8,unknown,,2026-07-08,2026-07-17,,poll-1c20ad6824,verified,script,2026-09-25,
stetson-university-2026-04-13-fl-sen-special,fl-sen-special,Stetson University,,unknown,none,LV,848,4.1,unknown,,2026-03-15,2026-04-13,,poll-d4754a4373,pending,,,Found via Wikipedia. Not yet checked against the original source.
emerson-college-2026-03-31-fl-sen-special,fl-sen-special,Emerson College,,unknown,none,LV,1125,2.8,unknown,,2026-03-29,2026-03-31,,poll-d758e08f9a,verified,script,2026-09-25,
university-of-north-florida-2026-03-02-fl-sen-special,fl-sen-special,University of North Florida,,unknown,none,LV,786,4.0,unknown,,2026-02-21,2026-03-02,,poll-95c63a79f6,verified,script,2026-09-25,
quantus-insights-2026-09-23-oh-sen-special,oh-sen-special,Quantus Insights,,partisan-aligned,R,LV,695,4.2,unknown,,2026-09-21,2026-09-23,,poll-c20c38be07,verified,ai,2026-09-27,"Full-ballot question. When undecided voters were asked which way they lean, Brown had 47.3% and Husted 46.8% (Wikipedia shows these rounded)."
trafalgar-group-2026-09-16-oh-sen-special,oh-sen-special,Trafalgar Group,,partisan-aligned,R,LV,1085,2.9,unknown,,2026-09-14,2026-09-16,,poll-04fe482718,verified,ai,2026-09-27,Numbers taken from the pollster report (Wikipedia had rounded them and listed undecided as 6%).
bowling-green-state-university-yougov-2026-09-10-oh-sen-special,oh-sen-special,Bowling Green State University/YouGov,,unknown,none,LV,1000,4.0,unknown,,2026-09-01,2026-09-10,,poll-cf73b10bf8,pending,,,Found via Wikipedia. Not yet checked against the original source.
insideradvantage-2026-09-09-oh-sen-special,oh-sen-special,InsiderAdvantage,,partisan-aligned,R,LV,1200,2.83,unknown,,2026-09-08,2026-09-09,,poll-0978035195,verified,ai,2026-09-27,Numbers read from the pollster results image.
abacus-data-2026-08-28-oh-sen-special,oh-sen-special,Abacus Data,,unknown,none,LV,306,,unknown,,2026-08-26,2026-08-28,,poll-90d03c87f1,pending,,,The pollster also reported other versions (for example registered voters); we show the first one listed. Found via Wikipedia. Not yet checked against the original source.
wedgewood-polls-2026-08-13-oh-sen-special,oh-sen-special,Wedgewood Polls,,unknown,none,LV,800,4.0,unknown,,2026-08-11,2026-08-13,,poll-2d93388c2c,pending,,,Found via Wikipedia. Not yet checked against the original source.
beacon-research-d-shaw-co-research-2026-08-10-oh-sen-special,oh-sen-special,Beacon Research (D)/ Shaw & Co. Research,name=Fox,partisan-aligned,R,RV,1008,3.0,unknown,,2026-08-06,2026-08-10,,poll-624e6270f0,verified,script,2026-09-25,Wikipedia marks this as a Republican-sponsored poll: name=Fox
tulchin-research-2026-08-04-oh-sen-special,oh-sen-special,Tulchin Research,name=JK,partisan-aligned,D,LV,600,4.0,unknown,,2026-07-29,2026-08-04,,poll-4426c4587a,pending,,,Wikipedia marks this as a Democratic-sponsored poll: name=JK Found via Wikipedia. Not yet checked against the original source.
new-york-times-siena-university-2026-06-28-oh-sen-special,oh-sen-special,New York Times/Siena University,,unknown,none,LV,601,4.7,unknown,,2026-06-15,2026-06-28,,poll-c9d97afe68,pending,,,Found via Wikipedia. Not yet checked against the original source.
fabrizio-ward-r-impact-research-2026-06-16-oh-sen-special,oh-sen-special,Fabrizio Ward (R) / Impact Research (D),AARP,partisan-aligned,D,LV,800,3.5,unknown,,2026-06-14,2026-06-16,,poll-e7213b0fc0,verified,script,2026-09-25,Wikipedia marks this as a Democratic-sponsored poll: Poll conducted for AARP
tulchin-research-2026-06-04-oh-sen-special,oh-sen-special,Tulchin Research,John Kulewicz,partisan-aligned,D,LV,600,4.0,unknown,,2026-06-02,2026-06-04,,poll-67116731ba,pending,,,"Wikipedia marks this as a Democratic-sponsored poll: Poll conducted for John Kulewicz, Democratic candidate for Attorney General Found via Wikipedia. Not yet checked against the original source."
beacon-research-d-shaw-co-research-2026-06-01-oh-sen-special,oh-sen-special,Beacon Research (D)/ Shaw & Co. Research,Fox News,partisan-aligned,R,RV,1015,3.0,unknown,,2026-05-28,2026-06-01,,poll-170d54fb99,verified,script,2026-09-25,Wikipedia marks this as a Republican-sponsored poll: Poll conducted for Fox News
bowling-green-state-university-yougov-2026-04-14-oh-sen-special,oh-sen-special,Bowling Green State University/YouGov,,unknown,none,RV,1000,4.5,unknown,,2026-04-07,2026-04-14,,poll-456047b9ad,pending,,,Found via Wikipedia. Not yet checked against the original source.
echelon-insights-2026-04-09-oh-sen-special,oh-sen-special,Echelon Insights,NetChoice,partisan-aligned,R,LV,413,5.8,unknown,,2026-04-03,2026-04-09,,poll-66dd81753f,verified,script,2026-09-25,Wikipedia marks this as a Republican-sponsored poll: Poll commissioned by NetChoice
quantus-insights-2026-03-14-oh-sen-special,oh-sen-special,Quantus Insights,,partisan-aligned,R,LV,784,3.8,unknown,,2026-03-13,2026-03-14,,poll-036064b930,pending,,,Wikipedia marks this as a Republican-sponsored poll. Found via Wikipedia. Not yet checked against the original source.
onmessage-public-strategies-2026-03-08-oh-sen-special,oh-sen-special,OnMessage Public Strategies,Insurance Watchdog Coalition,partisan-aligned,R,LV,600,4.0,unknown,,2026-03-03,2026-03-08,,poll-cd3fc286c8,pending,,,Wikipedia marks this as a Republican-sponsored poll: Poll sponsored by the Insurance Watchdog Coalition Found via Wikipedia. Not yet checked against the original source.
emc-research-2026-02-22-oh-sen-special,oh-sen-special,EMC Research,Ohio Environmental Council,partisan-aligned,D,LV,1343,2.7,unknown,,2026-02-10,2026-02-22,,poll-2ff559ebd1,verified,script,2026-09-25,"Wikipedia marks this as a Democratic-sponsored poll: Polling commissioned by Ohio Environmental Council, an environmental organization"
emerson-college-2025-12-08-oh-sen-special,oh-sen-special,Emerson College,,unknown,none,RV,850,3.3,unknown,,2025-12-06,2025-12-08,,poll-fe273b0089,pending,,,Found via Wikipedia. Not yet checked against the original source.
bowling-green-state-university-yougov-2025-10-14-oh-sen-special,oh-sen-special,Bowling Green State University/YouGov,,unknown,none,RV,800,4.5,unknown,,2025-10-02,2025-10-14,,poll-595dec0f16,pending,,,Found via Wikipedia. Not yet checked against the original source.
hart-research-2025-09-22-oh-sen-special,oh-sen-special,Hart Research,Ohio Federation of Teachers,partisan-aligned,D,LV,800,3.5,unknown,,2025-09-19,2025-09-22,,poll-556d925845,verified,script,2026-09-25,"Wikipedia marks this as a Democratic-sponsored poll: Poll sponsored by the Ohio Federation of Teachers, which supports Brown"
emerson-college-2025-08-19-oh-sen-special,oh-sen-special,Emerson College,,unknown,none,RV,1000,3.0,unknown,,2025-08-18,2025-08-19,,poll-b0e7b382be,verified,script,2026-09-25,
bowling-green-state-university-yougov-2025-02-21-oh-sen-special,oh-sen-special,Bowling Green State University/YouGov,,unknown,none,RV,800,4.0,unknown,,2025-02-14,2025-02-21,,poll-5d3615eff9,pending,,,Found via Wikipedia. Not yet checked against the original source.
yes-every-kid-2026-07-11-al-sen,al-sen,yes. every kid.,,unknown,none,LV,601,4.0,unknown,,2026-07-08,2026-07-11,,poll-a5e6e69dbc,pending,,,Found via Wikipedia. Not yet checked against the original source.
fabrizio-ward-r-impact-research-2026-09-11-ak-sen,ak-sen,Fabrizio Ward (R) / Impact Research (D),AARP,independent,none,LV,800,3.5,mixed,"Live phone (cell 40%, landline 15%) and text-to-web (45%); sample drawn from the voter list",2026-09-08,2026-09-11,,poll-1cfb5a7686,verified,ai,2026-09-27,"A bipartisan team: Fabrizio Ward works for Republicans and Impact Research for Democrats. First-choice (ranked-choice round 1) numbers. The release text only gives the two leading candidates, so others are left blank."
data-for-progress-2026-08-04-ak-sen,ak-sen,Data for Progress,,partisan-aligned,D,LV,605,4.0,unknown,,2026-07-28,2026-08-04,,poll-c4962df912,verified,script,2026-09-25,Wikipedia marks this as a Democratic-sponsored poll. The pollster also reported other versions (for example registered voters); we show the first one listed.
j-l-partners-2026-08-18-ar-sen,ar-sen,J.L. Partners,,unknown,none,LV,803,3.5,unknown,,2026-08-14,2026-08-18,,poll-b5ab927d4f,verified,ai,2026-09-27,
hendrix-college-2026-08-12-ar-sen,ar-sen,Hendrix College,,unknown,none,LV,1217,4.7,unknown,,2026-08-11,2026-08-12,,poll-1bc92d08d2,verified,script,2026-09-25,
2040-strategy-group-2026-07-25-ar-sen,ar-sen,2040 Strategy Group,Shoffner's campaign,campaign,D,LV,586,4.0,unknown,,2026-07-17,2026-07-25,,poll-5346bfe9ff,pending,,,Wikipedia marks this as a Democratic-sponsored poll: Poll sponsored by Shoffner's campaign Found via Wikipedia. Not yet checked against the original source.
grayhouse-2026-02-09-ar-sen,ar-sen,GrayHouse,America One Policies,partisan-aligned,R,LV,550,4.2,unknown,,2026-02-07,2026-02-09,,poll-b67fcbf67b,verified,script,2026-09-25,Wikipedia marks this as a Republican-sponsored poll: Poll sponsored by America One Policies
yougov-2026-09-18-ga-sen,ga-sen,YouGov,,unknown,none,LV,3301,2.8,unknown,,2026-09-15,2026-09-18,,poll-3c7af8c607,verified,script,2026-09-25,The pollster also reported other versions (for example registered voters); we show the first one listed.
quantus-insights-2026-09-16-ga-sen,ga-sen,Quantus Insights,,partisan-aligned,R,LV,645,4.3,unknown,,2026-09-14,2026-09-16,,poll-bcda2b172e,pending,,,Wikipedia marks this as a Republican-sponsored poll. Found via Wikipedia. Not yet checked against the original source.
rasmussen-reports-2026-09-14-ga-sen,ga-sen,Rasmussen Reports,,partisan-aligned,R,LV,1019,3.0,unknown,,2026-09-14,2026-09-14,,poll-87dfa332e8,verified,script,2026-09-25,Wikipedia marks this as a Republican-sponsored poll.
trafalgar-group-2026-09-12-ga-sen,ga-sen,Trafalgar Group,,partisan-aligned,R,LV,1091,2.9,unknown,,2026-09-10,2026-09-12,,poll-ec18b17c2b,verified,script,2026-09-25,Wikipedia marks this as a Republican-sponsored poll.
insideradvantage-2026-08-17-ga-sen,ga-sen,InsiderAdvantage,,partisan-aligned,R,LV,800,3.5,unknown,,2026-08-16,2026-08-17,,poll-82c391ff0e,pending,,,Wikipedia marks this as a Republican-sponsored poll. Found via Wikipedia. Not yet checked against the original source.
fabrizio-ward-r-impact-research-2026-07-16-ga-sen,ga-sen,Fabrizio Ward (R) / Impact Research (D),AARP,partisan-aligned,D,LV,1060,3.0,unknown,,2026-07-13,2026-07-16,,poll-e9a7152734,verified,script,2026-09-25,Wikipedia marks this as a Democratic-sponsored poll: Poll commissioned by AARP
wick-2026-06-30-ga-sen,ga-sen,Wick,,unknown,none,LV,1175,2.9,unknown,,2026-06-27,2026-06-30,,poll-98ac87d48b,pending,,,Found via Wikipedia. Not yet checked against the original source.
beacon-research-d-shaw-co-research-2026-06-27-ga-sen,ga-sen,Beacon Research (D)/ Shaw & Co. Research,Fox News,partisan-aligned,R,RV,1002,3.0,unknown,,2026-06-23,2026-06-27,,poll-15724f96bb,verified,script,2026-09-25,Wikipedia marks this as a Republican-sponsored poll: Poll conducted for Fox News
echelon-insights-2026-04-09-ga-sen,ga-sen,Echelon Insights,name=Net,partisan-aligned,R,LV,407,6.5,unknown,,2026-04-03,2026-04-09,,poll-66dd81753f,verified,script,2026-09-25,Wikipedia marks this as a Republican-sponsored poll: name=Net
emerson-college-2026-03-02-ga-sen,ga-sen,Emerson College,,unknown,none,LV,1000,3.0,unknown,,2026-02-28,2026-03-02,,poll-7b74739891,verified,script,2026-09-25,
quantus-insights-2025-09-12-ga-sen,ga-sen,Quantus Insights,,partisan-aligned,R,RV,624,4.3,unknown,,2025-09-09,2025-09-12,,poll-ba1339c2d2,pending,,,Wikipedia marks this as a Republican-sponsored poll. Found via Wikipedia. Not yet checked against the original source.
tipp-insights-2025-08-01-ga-sen,ga-sen,TIPP Insights,,unknown,none,RV,2956,1.8,unknown,,2025-07-28,2025-08-01,,poll-46f48734b7,verified,script,2026-09-25,
cygnal-2025-05-17-ga-sen,ga-sen,Cygnal,,partisan-aligned,R,LV,800,3.4,unknown,,2025-05-15,2025-05-17,,poll-96fb272e12,pending,,,Wikipedia marks this as a Republican-sponsored poll. Found via Wikipedia. Not yet checked against the original source.
trafalgar-group-2025-04-27-ga-sen,ga-sen,Trafalgar Group,,partisan-aligned,R,LV,1426,2.9,unknown,,2025-04-24,2025-04-27,,poll-a7afdb6d7d,pending,,,Wikipedia marks this as a Republican-sponsored poll. Found via Wikipedia. Not yet checked against the original source.
wpa-intelligence-2025-01-15-ga-sen,ga-sen,WPA Intelligence,name=CFG,partisan-aligned,R,LV,500,4.4,unknown,,2025-01-14,2025-01-15,,poll-3863144418,pending,,,Wikipedia marks this as a Republican-sponsored poll: name=CFG Found via Wikipedia. Not yet checked against the original source.
advanced-targeting-research-2026-09-16-id-sen,id-sen,Advanced Targeting Research,,unknown,none,RV,700,3.7,unknown,,2026-09-13,2026-09-16,,poll-879a7e6dfd,verified,script,2026-09-25,
the-bullfinch-group-2026-08-07-id-sen,id-sen,The Bullfinch Group,,unknown,none,LV,608,3.9,unknown,,2026-08-04,2026-08-07,,poll-362583c3c1,pending,,,Found via Wikipedia. Not yet checked against the original source.
the-bullfinch-group-2026-06-01-id-sen,id-sen,The Bullfinch Group,,unknown,none,RV,774,3.5,unknown,,2026-05-29,2026-06-01,,poll-2fb7a2e4c0,pending,,,Found via Wikipedia. Not yet checked against the original source.
public-policy-polling-2026-03-17-id-sen,id-sen,Public Policy Polling,,campaign,unknown,RV,639,3.9,unknown,,2026-03-16,2026-03-17,,poll-9a9575770d,pending,,,Wikipedia marks this as a third-party-sponsored poll: Poll sponsored by Achilles's campaign Found via Wikipedia. Not yet checked against the original source.
marist-college-2026-09-20-ia-sen,ia-sen,Marist College,,unknown,none,RV,1050,4.4,unknown,,2026-09-17,2026-09-20,,poll-70c245ed73,verified,script,2026-09-25,
trafalgar-group-2026-09-18-ia-sen,ia-sen,Trafalgar Group,,partisan-aligned,R,LV,1089,2.9,unknown,,2026-09-16,2026-09-18,,poll-7a805f01c6,verified,script,2026-09-25,Wikipedia marks this as a Republican-sponsored poll.
cygnal-2026-09-11-ia-sen,ia-sen,Cygnal,Iowans for Tax Relief Foundation,partisan-aligned,R,LV,500,4.38,mixed,Live phone and text (SMS) to known registered voters,2026-09-09,2026-09-11,,poll-cd83c28590,verified,ai,2026-09-27,
rasmussen-reports-2026-09-10-ia-sen,ia-sen,Rasmussen Reports,,partisan-aligned,R,LV,1031,3.0,unknown,,2026-09-08,2026-09-10,,poll-a6798b1820,verified,ai,2026-09-27,
yougov-2026-09-08-ia-sen,ia-sen,YouGov,,unknown,none,LV,2041,3.5,unknown,,2026-09-03,2026-09-08,,poll-c2e080b88c,verified,script,2026-09-25,The pollster also reported other versions (for example registered voters); we show the first one listed.
emerson-college-2026-09-01-ia-sen,ia-sen,Emerson College,,unknown,none,LV,750,3.6,unknown,,2026-08-31,2026-09-01,,poll-22f45aa215,verified,script,2026-09-25,
global-strategy-group-2026-08-31-ia-sen,ia-sen,Global Strategy Group,Turek's campaign,campaign,D,LV,800,3.5,unknown,,2026-08-27,2026-08-31,,poll-b3070ac8b3,verified,script,2026-09-25,Wikipedia marks this as a Democratic-sponsored poll: Poll sponsored by Turek's campaign
wedgewood-polls-2026-08-29-ia-sen,ia-sen,Wedgewood Polls,,unknown,none,LV,600,4.6,unknown,,2026-08-27,2026-08-29,,poll-d41c99b5ba,pending,,,Found via Wikipedia. Not yet checked against the original source.
abacus-data-2026-08-28-ia-sen,ia-sen,Abacus Data,,unknown,none,LV,323,,unknown,,2026-08-26,2026-08-28,,poll-90d03c87f1,pending,,,The pollster also reported other versions (for example registered voters); we show the first one listed. Found via Wikipedia. Not yet checked against the original source.
suffolk-university-2026-08-23-ia-sen,ia-sen,Suffolk University,,unknown,none,LV,500,4.4,unknown,,2026-08-20,2026-08-23,,poll-ed0e7d0b8c,verified,script,2026-09-25,
emerson-college-2026-08-04-ia-sen,ia-sen,Emerson College,,unknown,none,LV,712,3.7,unknown,,2026-08-02,2026-08-04,,poll-f8da056374,verified,script,2026-09-25,
beacon-research-d-shaw-co-research-2026-06-27-ia-sen,ia-sen,Beacon Research (D)/ Shaw & Co. Research,Fox News,partisan-aligned,R,RV,1003,3.0,unknown,,2026-06-23,2026-06-27,,poll-5937040264,verified,script,2026-09-25,Wikipedia marks this as a Republican-sponsored poll: Poll conducted for Fox News
new-york-times-siena-university-2026-06-27-ia-sen,ia-sen,New York Times/Siena University,,unknown,none,LV,600,4.7,unknown,,2026-06-15,2026-06-27,,poll-ec5a2a02d2,pending,,,Found via Wikipedia. Not yet checked against the original source.
cygnal-2026-06-19-ia-sen,ia-sen,Cygnal,Iowans for Tax Relief,partisan-aligned,R,LV,600,4.0,unknown,,2026-06-16,2026-06-19,,poll-b4708eae1e,pending,,,Wikipedia marks this as a Republican-sponsored poll: Poll sponsored by Iowans for Tax Relief Found via Wikipedia. Not yet checked against the original source.
global-strategy-group-2026-06-11-ia-sen,ia-sen,Global Strategy Group,Turek's campaign,campaign,D,LV,1000,3.1,unknown,,2026-06-08,2026-06-11,,poll-c0116fb8d7,pending,,,Wikipedia marks this as a Democratic-sponsored poll: Poll sponsored by Turek's campaign Found via Wikipedia. Not yet checked against the original source.
public-policy-polling-2026-06-04-ia-sen,ia-sen,Public Policy Polling,DSCC,party,D,RV,557,4.2,unknown,,2026-06-03,2026-06-04,,poll-9b62192bc1,pending,,,Wikipedia marks this as a Democratic-sponsored poll: Poll conducted for the DSCC Found via Wikipedia. Not yet checked against the original source.
echelon-insights-2026-04-09-ia-sen,ia-sen,Echelon Insights,NetChoice,partisan-aligned,R,LV,377,6.6,unknown,,2026-04-03,2026-04-09,,poll-66dd81753f,verified,script,2026-09-25,Wikipedia marks this as a Republican-sponsored poll: Poll commissioned by NetChoice
gqr-2026-03-16-ia-sen,ia-sen,GQR,Turek's campaign,campaign,D,LV,1200,2.8,unknown,,2026-03-10,2026-03-16,,poll-1e0897c03f,pending,,,Wikipedia marks this as a Democratic-sponsored poll: Poll sponsored by Turek's campaign Found via Wikipedia. Not yet checked against the original source.
wedgewood-polls-2026-09-24-ks-sen,ks-sen,Wedgewood Polls,,unknown,none,LV,500,4.4,unknown,,2026-09-22,2026-09-24,,poll-459a468f42,pending,,,Found via Wikipedia. Not yet checked against the original source.
emerson-college-2026-09-16-ks-sen,ks-sen,Emerson College,,unknown,none,LV,750,3.6,unknown,,2026-09-15,2026-09-16,,poll-d1295478e9,verified,script,2026-09-25,
co-efficient-2026-09-10-ks-sen,ks-sen,co/efficient,,partisan-aligned,R,LV,915,3.22,unknown,,2026-09-08,2026-09-10,,poll-4274bf1664,verified,script,2026-09-25,Wikipedia marks this as a Republican-sponsored poll.
global-strategy-group-2026-08-16-ks-sen,ks-sen,Global Strategy Group,People over Politics Action,partisan-aligned,D,LV,800,3.5,unknown,,2026-08-12,2026-08-16,,poll-6c2fda0005,verified,script,2026-09-25,Wikipedia marks this as a Democratic-sponsored poll: Poll sponsored by People over Politics Action
public-policy-polling-2026-08-08-ks-sen,ks-sen,Public Policy Polling,Senate Majority PAC,partisan-aligned,D,LV,569,,unknown,,2026-08-07,2026-08-08,,poll-7f37329980,pending,,,"Wikipedia marks this as a Democratic-sponsored poll: Poll sponsored by Senate Majority PAC, which is focused on electing Democrats to the U.S. Senate Found via Wikipedia. Not yet checked against the original source."
gbao-2026-07-13-ks-sen,ks-sen,GBAO,Hamilton's campaign,campaign,D,LV,600,4.0,unknown,,2026-07-08,2026-07-13,,poll-11f5734b9a,pending,,,Wikipedia marks this as a Democratic-sponsored poll: Poll sponsored by Hamilton's campaign Found via Wikipedia. Not yet checked against the original source.
tavern-research-2026-01-28-ks-sen,ks-sen,Tavern Research,,partisan-aligned,D,LV,1013,4.0,unknown,,2026-01-26,2026-01-28,,poll-b755f0cdb1,verified,script,2026-09-25,Wikipedia marks this as a Democratic-sponsored poll.
global-strategy-group-2026-08-27-ky-sen,ky-sen,Global Strategy Group,name=Booker,partisan-aligned,D,LV,600,4.0,unknown,,2026-08-24,2026-08-27,,poll-e76267259c,pending,,,Wikipedia marks this as a Democratic-sponsored poll: name=Booker Found via Wikipedia. Not yet checked against the original source.
public-policy-polling-2025-12-19-ky-sen,ky-sen,Public Policy Polling,name=Booker,partisan-aligned,D,unknown,650,,unknown,,2025-12-18,2025-12-19,,poll-c97ee97af8,pending,,,Wikipedia marks this as a Democratic-sponsored poll: name=Booker Found via Wikipedia. Not yet checked against the original source.
hart-research-associates-2026-09-19-la-sen,la-sen,Hart Research Associates,name=Davis,partisan-aligned,D,LV,500,4.5,unknown,,2026-09-17,2026-09-19,,poll-c99e357601,pending,,,Wikipedia marks this as a Democratic-sponsored poll: name=Davis Found via Wikipedia. Not yet checked against the original source.
public-policy-polling-2026-07-22-la-sen,la-sen,Public Policy Polling,Davis' campaign,campaign,D,RV,518,,unknown,,2026-07-21,2026-07-22,,poll-89dcd768e4,verified,script,2026-09-25,Wikipedia marks this as a Democratic-sponsored poll: Poll commissioned by Davis' campaign
new-york-times-siena-university-2026-09-22-me-sen,me-sen,New York Times/Siena University,,unknown,none,LV,619,4.9,unknown,,2026-09-15,2026-09-22,,poll-ac73d727a2,pending,,,Found via Wikipedia. Not yet checked against the original source.
university-of-new-hampshire-2026-09-21-me-sen,me-sen,University of New Hampshire,,unknown,none,LV,1312,2.7,unknown,,2026-09-17,2026-09-21,,poll-f6bb82ae8b,pending,,,Found via Wikipedia. Not yet checked against the original source.
quantus-insights-2026-09-15-me-sen,me-sen,Quantus Insights,,partisan-aligned,R,LV,621,4.3,unknown,,2026-09-14,2026-09-15,,poll-d9b1f6015b,pending,,,Wikipedia marks this as a Republican-sponsored poll. Found via Wikipedia. Not yet checked against the original source.
university-of-massachusetts-yougov-2026-09-14-me-sen,me-sen,University of Massachusetts/YouGov,,unknown,none,LV,650,4.7,unknown,,2026-08-28,2026-09-14,,poll-eb34526e3b,verified,script,2026-09-25,
rasmussen-reports-2026-09-10-me-sen,me-sen,Rasmussen Reports,,partisan-aligned,R,LV,1033,3.0,unknown,,2026-09-08,2026-09-10,,poll-0e84d208ce,verified,script,2026-09-25,Wikipedia marks this as a Republican-sponsored poll.
yougov-2026-09-08-me-sen,me-sen,YouGov,,unknown,none,LV,1335,4.9,unknown,,2026-09-02,2026-09-08,,poll-73dbb9079e,verified,script,2026-09-25,
ssrs-2026-09-06-me-sen,me-sen,SSRS,,unknown,none,LV,880,3.7,unknown,,2026-08-31,2026-09-06,,poll-3432216008,pending,,,Found via Wikipedia. Not yet checked against the original source.
abacus-data-2026-08-28-me-sen,me-sen,Abacus Data,,unknown,none,LV,327,,unknown,,2026-08-26,2026-08-28,,poll-90d03c87f1,pending,,,The pollster also reported other versions (for example registered voters); we show the first one listed. Found via Wikipedia. Not yet checked against the original source.
beacon-research-d-shaw-co-research-2026-08-10-me-sen,me-sen,Beacon Research (D)/ Shaw & Co. Research,name=Fox,partisan-aligned,R,RV,1000,3.0,unknown,,2026-08-06,2026-08-10,,poll-3483e79469,verified,script,2026-09-25,Wikipedia marks this as a Republican-sponsored poll: name=Fox
hart-research-2026-08-01-me-sen,me-sen,Hart Research,Senate Majority PAC,partisan-aligned,D,LV,802,3.5,unknown,,2026-07-27,2026-08-01,,poll-e54800fdee,pending,,,"Wikipedia marks this as a Democratic-sponsored poll: Poll sponsored by Senate Majority PAC, which is focused on electing Democrats to the U.S. Senate Found via Wikipedia. Not yet checked against the original source."
university-of-new-hampshire-2026-07-20-me-sen,me-sen,University of New Hampshire,,unknown,none,LV,1178,2.9,unknown,,2026-07-15,2026-07-20,,poll-91b9c60010,pending,,,Found via Wikipedia. Not yet checked against the original source.
z-to-a-research-2026-07-08-me-sen,me-sen,Z to A Research,name=pro-Shah,partisan-aligned,D,LV,988,3.1,unknown,,2026-07-07,2026-07-08,,poll-99ba2c2c99,verified,script,2026-09-25,Wikipedia marks this as a Democratic-sponsored poll: name=pro-Shah
public-policy-polling-2026-07-07-me-sen,me-sen,Public Policy Polling,Platner's campaign,campaign,D,LV,785,,unknown,,2026-07-07,2026-07-07,,poll-6f02f1ec84,pending,,,Wikipedia marks this as a Democratic-sponsored poll: Poll sponsored by Platner's campaign. Found via Wikipedia. Not yet checked against the original source.
wedgewood-polls-2026-07-06-me-sen,me-sen,Wedgewood Polls,,partisan-aligned,D,LV,405,5.8,unknown,,2026-07-04,2026-07-06,,poll-02484847fa,pending,,,Wikipedia marks this as a Democratic-sponsored poll. Found via Wikipedia. Not yet checked against the original source.
university-of-new-hampshire-2026-09-21-ma-sen,ma-sen,University of New Hampshire,,unknown,none,LV,564,4.1,unknown,,2026-09-17,2026-09-21,,poll-e9f7790fb2,pending,,,Found via Wikipedia. Not yet checked against the original source.
university-of-new-hampshire-2026-08-24-ma-sen,ma-sen,University of New Hampshire,,unknown,none,LV,881,2.2,unknown,,2026-08-20,2026-08-24,,poll-af5804d9fe,pending,,,Found via Wikipedia. Not yet checked against the original source.
umass-amherst-yougov-2026-08-12-ma-sen,ma-sen,UMass Amherst/YouGov,,unknown,none,RV,800,4.4,unknown,,2026-08-05,2026-08-12,,poll-0289224c89,verified,script,2026-09-25,
university-of-new-hampshire-2026-06-23-ma-sen,ma-sen,University of New Hampshire,,unknown,none,LV,623,3.8,unknown,,2026-06-18,2026-06-23,,poll-e6762e6c12,pending,,,Found via Wikipedia. Not yet checked against the original source.
university-of-new-hampshire-2026-04-20-ma-sen,ma-sen,University of New Hampshire,,unknown,none,LV,603,4.0,unknown,,2026-04-16,2026-04-20,,poll-59d505d3b7,pending,,,Found via Wikipedia. Not yet checked against the original source.
university-of-new-hampshire-2026-02-16-ma-sen,ma-sen,University of New Hampshire,,unknown,none,LV,620,3.9,unknown,,2026-02-12,2026-02-16,,poll-3bd7385bd6,pending,,,Found via Wikipedia. Not yet checked against the original source.
cygnal-2026-01-25-ma-sen,ma-sen,Cygnal,Deaton's campaign,campaign,R,LV,800,3.5,unknown,,2026-01-22,2026-01-25,,poll-2acca10241,pending,,,Wikipedia marks this as a Republican-sponsored poll: Poll sponsored by Deaton's campaign Found via Wikipedia. Not yet checked against the original source.
suffolk-university-2025-11-23-ma-sen,ma-sen,Suffolk University,,unknown,none,RV,500,4.4,unknown,,2025-11-19,2025-11-23,,poll-3f51fc771f,pending,,,Found via Wikipedia. Not yet checked against the original source.
surveyusa-2025-03-04-ma-sen,ma-sen,SurveyUSA,,unknown,none,RV,775,,unknown,,2025-02-28,2025-03-04,,poll-0d297ad5d3,pending,,,Found via Wikipedia. Not yet checked against the original source.
co-efficient-2026-09-23-mi-sen,mi-sen,co/efficient,,partisan-aligned,R,LV,843,3.36,unknown,,2026-09-21,2026-09-23,,poll-7050dd4df0,verified,script,2026-09-25,Wikipedia marks this as a Republican-sponsored poll.
new-york-times-siena-university-2026-09-22-mi-sen,mi-sen,New York Times/Siena University,,unknown,none,LV,600,4.9,unknown,,2026-09-15,2026-09-22,,poll-ac73d727a2,pending,,,Found via Wikipedia. Not yet checked against the original source.
suffolk-university-2026-09-20-mi-sen,mi-sen,Suffolk University,,unknown,none,LV,500,4.4,unknown,,2026-09-16,2026-09-20,,poll-21200495e2,verified,ai,2026-09-27,Numbers from the pollster marginals. The marginals file does not list field dates; the dates shown come from Wikipedia.
insideradvantage-2026-09-17-mi-sen,mi-sen,InsiderAdvantage,,partisan-aligned,R,LV,1200,2.83,unknown,,2026-09-16,2026-09-17,,poll-6381290918,verified,ai,2026-09-27,Numbers read from the pollster results image.
emerson-college-2026-09-14-mi-sen,mi-sen,Emerson College,,unknown,none,LV,1000,3.0,unknown,,2026-09-12,2026-09-14,,poll-4ea8686ace,verified,script,2026-09-25,
the-washington-post-sspg-2026-09-14-mi-sen,mi-sen,The Washington Post/SSPG,,unknown,none,LV,803,3.9,unknown,,2026-09-10,2026-09-14,,poll-13061b303e,pending,,,Found via Wikipedia. Not yet checked against the original source.
trafalgar-group-2026-09-09-mi-sen,mi-sen,Trafalgar Group,,partisan-aligned,R,LV,1079,2.9,unknown,,2026-09-07,2026-09-09,,poll-39adfa4f4b,verified,ai,2026-09-27,Numbers taken from the pollster report.
ssrs-2026-09-06-mi-sen,mi-sen,SSRS,,unknown,none,LV,843,4.1,unknown,,2026-08-31,2026-09-06,,poll-7590d317d1,pending,,,Found via Wikipedia. Not yet checked against the original source.
glengariff-group-2026-09-03-mi-sen,mi-sen,Glengariff Group,,unknown,none,LV,600,4.0,unknown,,2026-08-31,2026-09-03,,poll-5e91cf6123,pending,,,Found via Wikipedia. Not yet checked against the original source.
abacus-data-2026-08-28-mi-sen,mi-sen,Abacus Data,,unknown,none,LV,332,,unknown,,2026-08-26,2026-08-28,,poll-90d03c87f1,pending,,,The pollster also reported other versions (for example registered voters); we show the first one listed. Found via Wikipedia. Not yet checked against the original source.
epic-mra-2026-08-28-mi-sen,mi-sen,EPIC-MRA,,unknown,none,LV,600,4.0,unknown,,2026-08-22,2026-08-28,,poll-69bc292d66,verified,script,2026-09-25,
michigan-state-university-yougov-2026-08-20-mi-sen,mi-sen,Michigan State University/YouGov,,unknown,none,LV,779,3.4,unknown,,2026-08-10,2026-08-20,,poll-62b42373a2,verified,script,2026-09-25,
susquehanna-polling-research-2026-08-17-mi-sen,mi-sen,Susquehanna Polling & Research,,partisan-aligned,R,LV,800,3.5,unknown,,2026-08-11,2026-08-17,,poll-6fc246086b,pending,,,Wikipedia marks this as a Republican-sponsored poll. Found via Wikipedia. Not yet checked against the original source.
fabrizio-ward-r-impact-research-2026-08-11-mi-sen,mi-sen,Fabrizio Ward (R) / Impact Research (D),AARP,partisan-aligned,D,LV,877,3.3,unknown,,2026-08-09,2026-08-11,,poll-7493d2c9bd,verified,script,2026-09-25,Wikipedia marks this as a Democratic-sponsored poll: Poll commissioned by AARP
tipp-insights-2026-08-10-mi-sen,mi-sen,TIPP Insights,name=LAW,partisan-aligned,R,LV,1215,2.7,unknown,,2026-08-06,2026-08-10,,poll-438720d94c,pending,,,Wikipedia marks this as a Republican-sponsored poll: name=LAW The pollster also reported other versions (for example registered voters); we show the first one listed. Found via Wikipedia. Not yet checked against the original source.
gbao-2026-08-10-mi-sen,mi-sen,GBAO,Senate Majority PAC,partisan-aligned,D,LV,800,3.5,unknown,,2026-08-06,2026-08-10,,poll-51a67095cd,pending,,,"Wikipedia marks this as a Democratic-sponsored poll: Poll sponsored by Senate Majority PAC, which is focused on electing Democrats to the U.S. Senate Found via Wikipedia. Not yet checked against the original source."
beacon-research-d-shaw-co-research-2026-08-10-mi-sen,mi-sen,Beacon Research (D)/ Shaw & Co. Research,Fox News,partisan-aligned,R,RV,1006,3.0,unknown,,2026-08-06,2026-08-10,,poll-6872b6e432,verified,script,2026-09-25,Wikipedia marks this as a Republican-sponsored poll: Poll conducted for Fox News
epic-mra-2026-07-31-mi-sen,mi-sen,EPIC-MRA,,unknown,none,LV,600,4.0,unknown,,2026-07-24,2026-07-31,,poll-7a18bca724,verified,script,2026-09-25,
socal-strategies-2026-07-30-mi-sen,mi-sen,SoCal Strategies,name=REP,partisan-aligned,R,LV,640,3.8,unknown,,2026-07-28,2026-07-30,,poll-8ddf766874,verified,script,2026-09-25,Wikipedia marks this as a Republican-sponsored poll: name=REP
mitchell-research-communications-2026-07-29-mi-sen,mi-sen,Mitchell Research & Communications,,unknown,none,LV,672,3.8,unknown,,2026-07-28,2026-07-29,,poll-d4d0fcff26,verified,script,2026-09-25,
glengariff-group-2026-07-24-mi-sen,mi-sen,Glengariff Group,,unknown,none,LV,600,4.0,unknown,,2026-07-22,2026-07-24,,poll-fcf9f01ae2,pending,,,Found via Wikipedia. Not yet checked against the original source.
quantus-insights-2026-06-30-mi-sen,mi-sen,Quantus Insights,,partisan-aligned,R,LV,947,3.3,unknown,,2026-06-29,2026-06-30,,poll-cd85d0d260,pending,,,Wikipedia marks this as a Republican-sponsored poll. Found via Wikipedia. Not yet checked against the original source.
data-for-progress-2026-06-22-mi-sen,mi-sen,Data for Progress,Working Families Party,partisan-aligned,D,LV,709,4.0,unknown,,2026-06-15,2026-06-22,,poll-5fd36da3a8,verified,script,2026-09-25,"Wikipedia marks this as a Democratic-sponsored poll: Poll sponsored by the Working Families Party, which supports El-Sayed"
zenith-research-2026-06-14-mi-sen,mi-sen,Zenith Research,Common Defense,partisan-aligned,D,LV,602,4.0,unknown,,2026-06-11,2026-06-14,,poll-6484a1de50,pending,,,"Wikipedia marks this as a Democratic-sponsored poll: Poll commissioned by Common Defense, which supports El-Sayed Found via Wikipedia. Not yet checked against the original source."
mitchell-research-communications-2026-06-13-mi-sen,mi-sen,Mitchell Research & Communications,,unknown,none,LV,827,3.4,unknown,,2026-06-11,2026-06-13,,poll-d2af92057a,pending,,,Found via Wikipedia. Not yet checked against the original source.
tulchin-research-2026-06-04-mi-sen,mi-sen,Tulchin Research,name=Fighting,partisan-aligned,D,LV,500,4.4,unknown,,2026-06-02,2026-06-04,,poll-98a4f3ab8f,pending,,,Wikipedia marks this as a Democratic-sponsored poll: name=Fighting Found via Wikipedia. Not yet checked against the original source.
tipp-insights-2026-05-23-mi-sen,mi-sen,TIPP Insights,name=LAW,partisan-aligned,R,LV,1163,3.0,unknown,,2026-05-20,2026-05-23,,poll-3a79c8c913,pending,,,Wikipedia marks this as a Republican-sponsored poll: name=LAW The pollster also reported other versions (for example registered voters); we show the first one listed. Found via Wikipedia. Not yet checked against the original source.
mitchell-research-2026-05-07-mi-sen,mi-sen,Mitchell Research,,unknown,none,LV,607,6.0,unknown,,2026-05-01,2026-05-07,,poll-e15c2fa6ad,pending,,,Found via Wikipedia. Not yet checked against the original source.
glengariff-group-2026-05-01-mi-sen,mi-sen,Glengariff Group,,unknown,none,LV,600,4.0,unknown,,2026-04-28,2026-05-01,,poll-807d57ce21,verified,script,2026-09-25,
emerson-college-2026-01-25-mi-sen,mi-sen,Emerson College,,unknown,none,LV,1000,3.0,unknown,,2026-01-24,2026-01-25,,poll-3528929c47,verified,script,2026-09-25,
glengariff-group-2026-01-06-mi-sen,mi-sen,Glengariff Group,,unknown,none,LV,600,4.0,unknown,,2026-01-02,2026-01-06,,poll-4581f21705,pending,,,Found via Wikipedia. Not yet checked against the original source.
mitchell-research-communications-2025-11-21-mi-sen,mi-sen,Mitchell Research & Communications,,unknown,none,LV,616,3.7,unknown,,2025-11-18,2025-11-21,,poll-debc949c1f,verified,script,2026-09-25,
rosetta-stone-communications-2025-10-25-mi-sen,mi-sen,Rosetta Stone Communications,,partisan-aligned,R,LV,637,3.9,unknown,,2025-10-23,2025-10-25,,poll-0474579cd4,pending,,,Wikipedia marks this as a Republican-sponsored poll. Found via Wikipedia. Not yet checked against the original source.
glengariff-group-2025-05-08-mi-sen,mi-sen,Glengariff Group,,unknown,none,RV,600,4.0,unknown,,2025-05-05,2025-05-08,,poll-a2b1f9a0cd,verified,script,2026-09-25,
co-efficient-2026-09-15-mn-sen,mn-sen,co/efficient,,partisan-aligned,R,LV,833,3.4,unknown,,2026-09-14,2026-09-15,,poll-c2cce86198,verified,script,2026-09-25,Wikipedia marks this as a Republican-sponsored poll.
quantus-insights-2026-09-10-mn-sen,mn-sen,Quantus Insights,,partisan-aligned,R,LV,720,4.2,unknown,,2026-09-08,2026-09-10,,poll-253c5aad7d,verified,ai,2026-09-27,"Initial ballot. After leaners were allocated: Flanagan 48.9%, Tafoya 45.4%. The release does not break out the remaining 3.1%."
kstp-surveyusa-2026-09-14-mn-sen,mn-sen,KSTP/SurveyUSA,,unknown,none,LV,654,4.4,unknown,,2026-09-09,2026-09-14,,poll-d060e872ed,pending,,,Found via Wikipedia. Not yet checked against the original source.
tipp-insights-2026-09-02-mn-sen,mn-sen,TIPP Insights,League of American Workers,partisan-aligned,R,LV,1201,3.0,unknown,,2026-08-31,2026-09-02,,poll-8bf3b6384d,pending,,,Wikipedia marks this as a Republican-sponsored poll: Poll sponsored by the League of American Workers The pollster also reported other versions (for example registered voters); we show the first one listed. Found via Wikipedia. Not yet checked against the original source.
ktsp-surveyusa-2026-08-17-mn-sen,mn-sen,KTSP/SurveyUSA,,unknown,none,LV,661,4.3,unknown,,2026-08-13,2026-08-17,,poll-54b97816ca,pending,,,Found via Wikipedia. Not yet checked against the original source.
emerson-college-2026-02-08-mn-sen,mn-sen,Emerson College,,unknown,none,LV,1000,3.0,unknown,,2026-02-06,2026-02-08,,poll-2d4b3f7717,verified,script,2026-09-25,
impact-research-2025-07-11-mn-sen,mn-sen,Impact Research,name=Craig,partisan-aligned,D,LV,604,4.0,unknown,,2025-07-08,2025-07-11,,poll-cf5982bf23,pending,,,Wikipedia marks this as a Democratic-sponsored poll: name=Craig Found via Wikipedia. Not yet checked against the original source.
data-for-progress-2026-08-15-ms-sen,ms-sen,Data for Progress,Way to Lead PAC,partisan-aligned,D,LV,1018,3.0,unknown,,2026-08-05,2026-08-15,,poll-4a12939ee6,verified,script,2026-09-25,"Wikipedia marks this as a Democratic-sponsored poll: Poll sponsored by Way to Lead PAC, which supports Democrats"
impact-research-2026-04-12-ms-sen,ms-sen,Impact Research,name=SPLC,partisan-aligned,D,LV,500,4.4,unknown,,2026-04-08,2026-04-12,,poll-aad8a26551,pending,,,Wikipedia marks this as a Democratic-sponsored poll: name=SPLC Found via Wikipedia. Not yet checked against the original source.
impact-research-2025-06-22-ms-sen,ms-sen,Impact Research,SPLC Action Fund,partisan-aligned,D,RV,500,4.4,unknown,,2025-06-18,2025-06-22,,poll-aad8a26551,pending,,,"Wikipedia marks this as a Democratic-sponsored poll: Poll sponsored by the SPLC Action Fund, which opposes Hyde-Smith Found via Wikipedia. Not yet checked against the original source."
quantus-insights-2026-09-15-mt-sen,mt-sen,Quantus Insights,,partisan-aligned,R,LV,625,4.3,unknown,,2026-09-14,2026-09-15,,poll-618b17126e,pending,,,Wikipedia marks this as a Republican-sponsored poll. Found via Wikipedia. Not yet checked against the original source.
aspect-strategic-2026-09-15-mt-sen,mt-sen,Aspect Strategic,,unknown,none,LV,715,,unknown,,2026-09-07,2026-09-15,,poll-0347ab745d,pending,,,Found via Wikipedia. Not yet checked against the original source.
rutgers-university-eagleton-institute-of-2026-09-07-mt-sen,mt-sen,Rutgers University Eagleton Institute of Politics,,unknown,none,RV,845,4.2,unknown,,2026-08-27,2026-09-07,,poll-b4bbe711d6,verified,script,2026-09-25,
peak-insights-2026-08-25-mt-sen,mt-sen,Peak Insights,,unknown,none,LV,600,4.0,unknown,,2026-08-23,2026-08-25,,poll-d025aa629b,verified,script,2026-09-25,
hart-research-2026-08-04-mt-sen,mt-sen,Hart Research,Forward Montana,partisan-aligned,D,LV,800,,unknown,,2026-08-01,2026-08-04,,poll-6b2888fa88,pending,,,"Wikipedia marks this as a Democratic-sponsored poll: Poll sponsored by Forward Montana, which supports Bodnar Found via Wikipedia. Not yet checked against the original source."
tavern-research-2026-07-27-mt-sen,mt-sen,Tavern Research,,partisan-aligned,D,LV,517,5.0,unknown,,2026-07-23,2026-07-27,,poll-f6dbbb3ddb,verified,script,2026-09-25,Wikipedia marks this as a Democratic-sponsored poll.
gqr-2026-07-26-mt-sen,mt-sen,GQR,name=Contours,partisan-aligned,D,LV,500,4.4,unknown,,2026-07-23,2026-07-26,,poll-d2c6ff890f,pending,,,Wikipedia marks this as a Democratic-sponsored poll: name=Contours Found via Wikipedia. Not yet checked against the original source.
grayhouse-2026-06-24-mt-sen,mt-sen,GrayHouse,,partisan-aligned,R,RV,500,4.4,unknown,,2026-06-23,2026-06-24,,poll-67502dcfc3,pending,,,Wikipedia marks this as a Republican-sponsored poll. Found via Wikipedia. Not yet checked against the original source.
hart-research-2026-06-24-mt-sen,mt-sen,Hart Research,Majority Institute,partisan-aligned,D,LV,800,,unknown,,2026-06-18,2026-06-24,,poll-0d8a633db4,pending,,,"Wikipedia marks this as a Democratic-sponsored poll: Poll commissioned by The Majority Institute, a research firm that supports Democrats Found via Wikipedia. Not yet checked against the original source."
tavern-research-2026-06-19-mt-sen,mt-sen,Tavern Research,,partisan-aligned,D,LV,400,6.1,unknown,,2026-06-16,2026-06-19,,poll-eee3c05d69,verified,script,2026-09-25,Wikipedia marks this as a Democratic-sponsored poll.
public-opinion-strategies-2026-06-11-mt-sen,mt-sen,Public Opinion Strategies,Political Company,partisan-aligned,R,LV,500,4.4,unknown,,2026-06-08,2026-06-11,,poll-22e4aeeecf,verified,script,2026-09-25,"Wikipedia marks this as a Republican-sponsored poll: Poll commissioned by The Political Company, a consulting firm that supports Republicans"
wedgewood-polls-2026-09-16-ne-sen,ne-sen,Wedgewood Polls,,unknown,none,LV,500,4.4,unknown,,2026-09-14,2026-09-16,,poll-5600fa72cc,pending,,,Found via Wikipedia. Not yet checked against the original source.
surveyusa-2026-09-13-ne-sen,ne-sen,SurveyUSA,,unknown,none,LV,503,6.4,unknown,,2026-09-08,2026-09-13,,poll-a1d45248d8,pending,,,Found via Wikipedia. Not yet checked against the original source.
impact-research-2026-08-13-ne-sen,ne-sen,Impact Research,name=Osborn,partisan-aligned,D,LV,600,4.0,unknown,,2026-08-09,2026-08-13,,poll-71a12aca8f,pending,,,Wikipedia marks this as a Democratic-sponsored poll: name=Osborn Found via Wikipedia. Not yet checked against the original source.
tavern-research-2026-05-11-ne-sen,ne-sen,Tavern Research,,partisan-aligned,D,LV,1165,3.5,unknown,,2026-05-08,2026-05-11,,poll-6a2bcf6203,verified,script,2026-09-25,Wikipedia marks this as a Democratic-sponsored poll.
impact-research-2026-02-05-ne-sen,ne-sen,Impact Research,Osborn's campaign,campaign,D,LV,600,4.0,unknown,,2026-02-02,2026-02-05,,poll-2388becbcd,pending,,,Wikipedia marks this as a Democratic-sponsored poll: Poll sponsored by Osborn's campaign Found via Wikipedia. Not yet checked against the original source.
lake-research-partners-2025-12-17-ne-sen,ne-sen,Lake Research Partners,,partisan-aligned,D,LV,900,,unknown,,2025-12-11,2025-12-17,,poll-66db23a9d3,pending,,,Wikipedia marks this as a Democratic-sponsored poll. Found via Wikipedia. Not yet checked against the original source.
change-research-2025-04-01-ne-sen,ne-sen,Change Research,Osborn's exploratory campaign,campaign,D,LV,524,4.6,unknown,,2025-03-28,2025-04-01,,poll-1a9f1e5c0b,pending,,,Wikipedia marks this as a Democratic-sponsored poll: Poll commissioned by Osborn's exploratory campaign Found via Wikipedia. Not yet checked against the original source.
new-york-times-siena-university-2026-09-22-nh-sen,nh-sen,New York Times/Siena University,,unknown,none,LV,600,4.9,unknown,,2026-09-15,2026-09-22,,poll-ac73d727a2,pending,,,Found via Wikipedia. Not yet checked against the original source.
university-of-new-hampshire-2026-09-21-nh-sen,nh-sen,University of New Hampshire,,unknown,none,LV,1418,2.6,unknown,,2026-09-17,2026-09-21,,poll-55cefa1e2e,pending,,,Found via Wikipedia. Not yet checked against the original source.
insideradvantage-2026-09-17-nh-sen,nh-sen,InsiderAdvantage,,partisan-aligned,R,LV,1200,2.8,unknown,,2026-09-16,2026-09-17,,poll-172efaa7a6,verified,script,2026-09-25,Wikipedia marks this as a Republican-sponsored poll.
co-efficient-2026-09-11-nh-sen,nh-sen,co/efficient,,partisan-aligned,R,LV,958,3.2,unknown,,2026-09-09,2026-09-11,,poll-39caf8007e,verified,script,2026-09-25,Wikipedia marks this as a Republican-sponsored poll.
rasmussen-reports-2026-09-10-nh-sen,nh-sen,Rasmussen Reports,,partisan-aligned,R,LV,1000,2.0,unknown,,2026-09-08,2026-09-10,,poll-3c3699ec83,verified,ai,2026-09-27,The release lists four independent candidates who are not yet on our New Hampshire candidate list; we are confirming the full ballot with the state.
fabrizio-lee-associates-2026-08-30-nh-sen,nh-sen,"Fabrizio, Lee, & Associates",name=NRSC,party,R,LV,600,4.0,unknown,,2026-08-27,2026-08-30,,poll-7e228c21b8,verified,script,2026-09-25,Wikipedia marks this as a Republican-sponsored poll: name=NRSC
university-of-new-hampshire-2026-08-24-nh-sen,nh-sen,University of New Hampshire,,unknown,none,LV,1878,2.3,unknown,,2026-08-20,2026-08-24,,poll-7c8708c64b,pending,,,Found via Wikipedia. Not yet checked against the original source.
saint-anselm-college-2026-08-18-nh-sen,nh-sen,Saint Anselm College,,unknown,none,LV,1411,2.6,unknown,,2026-08-17,2026-08-18,,poll-c2076ae72d,verified,script,2026-09-25,
peak-insights-2026-06-27-nh-sen,nh-sen,Peak Insights,NRSC,party,R,LV,500,4.0,unknown,,2026-06-24,2026-06-27,,poll-849b87418a,verified,script,2026-09-25,Wikipedia marks this as a Republican-sponsored poll: Poll sponsored by the NRSC
saint-anselm-college-2026-06-25-nh-sen,nh-sen,Saint Anselm College,,unknown,none,RV,1614,2.4,unknown,,2026-06-24,2026-06-25,,poll-c65b8f61d0,pending,,,Found via Wikipedia. Not yet checked against the original source.
university-of-new-hampshire-2026-06-23-nh-sen,nh-sen,University of New Hampshire,,unknown,none,LV,2232,2.1,unknown,,2026-06-18,2026-06-23,,poll-de510386a1,pending,,,Found via Wikipedia. Not yet checked against the original source.
university-of-new-hampshire-2026-04-21-nh-sen,nh-sen,University of New Hampshire,,unknown,none,LV,1295,2.7,unknown,,2026-04-17,2026-04-21,,poll-2ce2e5c9a5,pending,,,Found via Wikipedia. Not yet checked against the original source.
emerson-college-2026-03-23-nh-sen,nh-sen,Emerson College,,unknown,none,LV,1000,2.9,unknown,,2026-03-21,2026-03-23,,poll-003b24e6f4,verified,script,2026-09-25,
saint-anselm-college-2026-03-18-nh-sen,nh-sen,Saint Anselm College,,unknown,none,RV,1491,2.5,unknown,,2026-03-16,2026-03-18,,poll-3e1f387bd5,verified,script,2026-09-25,
yes-every-kid-2026-01-29-nh-sen,nh-sen,yes. every kid.,,unknown,none,LV,563,4.1,unknown,,2026-01-28,2026-01-29,,poll-e8d0e4885f,pending,,,Found via Wikipedia. Not yet checked against the original source.
university-of-new-hampshire-2026-01-19-nh-sen,nh-sen,University of New Hampshire,,unknown,none,LV,2053,2.1,unknown,,2026-01-15,2026-01-19,,poll-7cec9ec33c,pending,,,Found via Wikipedia. Not yet checked against the original source.
nhjournal-praecones-analytica-2025-12-28-nh-sen,nh-sen,NHJournal/Praecones Analytica,,unknown,none,RV,603,4.0,unknown,,2025-12-26,2025-12-28,,poll-4d30cebb3b,pending,,,Found via Wikipedia. Not yet checked against the original source.
guidant-polling-and-strategy-2025-12-11-nh-sen,nh-sen,Guidant Polling and Strategy,name=OneNation,partisan-aligned,R,LV,600,4.0,unknown,,2025-12-09,2025-12-11,,poll-b9fb1076bf,pending,,,Wikipedia marks this as a Republican-sponsored poll: name=OneNation Found via Wikipedia. Not yet checked against the original source.
saint-anselm-college-2025-11-19-nh-sen,nh-sen,Saint Anselm College,,unknown,none,RV,2212,,unknown,,2025-11-18,2025-11-19,,poll-6c8c9618a2,pending,,,Found via Wikipedia. Not yet checked against the original source.
co-efficient-2025-10-13-nh-sen,nh-sen,co/efficient,,partisan-aligned,R,LV,1034,3.1,unknown,,2025-10-09,2025-10-13,,poll-957b9b57e5,pending,,,Wikipedia marks this as a Republican-sponsored poll. Found via Wikipedia. Not yet checked against the original source.
university-of-new-hampshire-2025-09-23-nh-sen,nh-sen,University of New Hampshire,,unknown,none,LV,1235,2.8,unknown,,2025-09-17,2025-09-23,,poll-bc006051f1,pending,,,Found via Wikipedia. Not yet checked against the original source.
1892-polling-2025-09-04-nh-sen,nh-sen,1892 Polling,One Nation,partisan-aligned,R,LV,500,4.4,unknown,,2025-09-02,2025-09-04,,poll-eb5b92f918,verified,script,2026-09-25,"Wikipedia marks this as a Republican-sponsored poll: Poll sponsored by One Nation, a group aligned with the Senate Leadership Fund"
research-polling-inc-2026-08-28-nm-sen,nm-sen,Research & Polling Inc.,Albuquerque Journal,media,none,LV,516,4.3,phone,Live interviewers; cellphones (96%) and landlines (4%),2026-08-21,2026-08-28,,poll-99793917d3,verified,ai,2026-09-27,
quantus-insights-2026-09-22-nc-sen,nc-sen,Quantus Insights,,partisan-aligned,R,LV,686,4.2,unknown,,2026-09-21,2026-09-22,,poll-a814bc2d52,pending,,,"Wikipedia marks this as a Republican-sponsored poll. Found via Wikipedia. Not yet checked against the original source. Wikipedia links this poll to an InsiderAdvantage page that does not contain it, so we could not check it."
yougov-2026-09-18-nc-sen,nc-sen,YouGov,,unknown,none,LV,3742,2.6,unknown,,2026-09-15,2026-09-18,,poll-f39bdde915,pending,,,The pollster also reported other versions (for example registered voters); we show the first one listed. Found via Wikipedia. Not yet checked against the original source.
insideradvantage-2026-09-17-nc-sen,nc-sen,InsiderAdvantage,,partisan-aligned,R,LV,1200,2.83,unknown,,2026-09-16,2026-09-17,,poll-a814bc2d52,verified,ai,2026-09-27,Numbers read from the pollster results image. Wikipedia listed the margin of error as ±4.0; the release says ±2.83.
high-point-university-2026-09-16-nc-sen,nc-sen,High Point University,,unknown,none,LV,706,3.9,unknown,,2026-09-09,2026-09-16,,poll-2712156b58,verified,script,2026-09-25,The pollster also reported other versions (for example registered voters); we show the first one listed.
harper-polling-2026-09-15-nc-sen,nc-sen,Harper Polling,name=CJ,partisan-aligned,R,LV,608,4.0,unknown,,2026-09-13,2026-09-15,,poll-161b1fc6cd,verified,script,2026-09-25,Wikipedia marks this as a Republican-sponsored poll: name=CJ
the-trafalgar-group-2026-09-10-nc-sen,nc-sen,The Trafalgar Group,,partisan-aligned,R,LV,1084,2.9,unknown,,2026-09-08,2026-09-10,,poll-acd7ccf9a3,verified,script,2026-09-25,Wikipedia marks this as a Republican-sponsored poll.
east-carolina-university-2026-09-03-nc-sen,nc-sen,East Carolina University,,unknown,none,LV,675,4.4,unknown,,2026-08-31,2026-09-03,,poll-fb51721262,verified,script,2026-09-25,
elon-university-yougov-2026-08-31-nc-sen,nc-sen,Elon University/YouGov,,unknown,none,LV,565,5.6,unknown,,2026-08-21,2026-08-31,,poll-60106d7e45,verified,ai,2026-09-27,Likely-voter numbers from the Elon University Poll charts. The charts do not state the likely-voter sample size; the size shown comes from Wikipedia.
high-point-university-yougov-2026-08-12-nc-sen,nc-sen,High Point University/YouGov,,unknown,none,LV,660,3.8,unknown,,2026-08-03,2026-08-12,,poll-09898bfc33,verified,script,2026-09-25,The pollster also reported other versions (for example registered voters); we show the first one listed.
harper-polling-2026-08-10-nc-sen,nc-sen,Harper Polling,Carolina Journal,partisan-aligned,R,LV,600,4.0,unknown,,2026-08-09,2026-08-10,,poll-fa080f8705,verified,ai,2026-09-27,"Numbers from the pollster toplines (Aug 9–10, n=600, ±4.0). Other and undecided shares are not broken out for this question in the toplines."
change-research-2026-08-06-nc-sen,nc-sen,Change Research,name=CFWD,partisan-aligned,D,LV,915,3.5,unknown,,2026-08-03,2026-08-06,,poll-963580c023,verified,script,2026-09-25,Wikipedia marks this as a Democratic-sponsored poll: name=CFWD
change-research-2026-08-01-nc-sen,nc-sen,Change Research,,partisan-aligned,D,unknown,967,3.4,unknown,,2026-07-29,2026-08-01,,poll-ecc2c20522,verified,script,2026-09-25,Wikipedia marks this as a Democratic-sponsored poll.
elon-university-yougov-2026-07-31-nc-sen,nc-sen,Elon University/YouGov,,unknown,none,LV,466,5.6,unknown,,2026-07-23,2026-07-31,,poll-cd8d5e41bc,verified,script,2026-09-25,The pollster also reported other versions (for example registered voters); we show the first one listed.
beacon-research-d-shaw-co-research-2026-07-27-nc-sen,nc-sen,Beacon Research (D)/ Shaw & Co. Research,Fox News,partisan-aligned,R,RV,1005,3.0,unknown,,2026-07-23,2026-07-27,,poll-1a4869c13c,verified,script,2026-09-25,Wikipedia marks this as a Republican-sponsored poll: Poll conducted for Fox News
public-policy-polling-2026-07-11-nc-sen,nc-sen,Public Policy Polling,,partisan-aligned,D,LV,759,3.6,unknown,,2026-07-10,2026-07-11,,poll-789ed98ea1,verified,script,2026-09-25,Wikipedia marks this as a Democratic-sponsored poll.
new-york-times-siena-university-2026-06-27-nc-sen,nc-sen,New York Times/Siena University,,unknown,none,LV,601,4.7,unknown,,2026-06-15,2026-06-27,,poll-ec5a2a02d2,pending,,,Found via Wikipedia. Not yet checked against the original source.
catawba-college-yougov-2026-06-10-nc-sen,nc-sen,Catawba College/YouGov,,unknown,none,LV,905,3.8,unknown,,2026-06-01,2026-06-10,,poll-1b4f199cd4,pending,,,Found via Wikipedia. Not yet checked against the original source.
harper-polling-2026-05-11-nc-sen,nc-sen,Harper Polling,,partisan-aligned,R,LV,600,4.0,unknown,,2026-05-10,2026-05-11,,poll-5198daeecd,pending,,,Wikipedia marks this as a Republican-sponsored poll. Found via Wikipedia. Not yet checked against the original source.
change-research-2026-05-08-nc-sen,nc-sen,Change Research,name=CFWD,partisan-aligned,D,LV,957,3.3,unknown,,2026-05-04,2026-05-08,,poll-5511e06180,pending,,,Wikipedia marks this as a Democratic-sponsored poll: name=CFWD Found via Wikipedia. Not yet checked against the original source.
opinion-diagnostics-2026-04-24-nc-sen,nc-sen,Opinion Diagnostics,,partisan-aligned,R,unknown,830,3.5,unknown,,2026-04-21,2026-04-24,,poll-3cf4217951,verified,script,2026-09-25,Wikipedia marks this as a Republican-sponsored poll.
high-point-university-yougov-2026-04-06-nc-sen,nc-sen,High Point University/YouGov,,unknown,none,LV,703,4.3,unknown,,2026-03-26,2026-04-06,,poll-a3bd384188,verified,script,2026-09-25,The pollster also reported other versions (for example registered voters); we show the first one listed.
quantus-insights-2026-04-01-nc-sen,nc-sen,Quantus Insights,,partisan-aligned,R,LV,987,3.5,unknown,,2026-03-31,2026-04-01,,poll-c40cb9da24,pending,,,Wikipedia marks this as a Republican-sponsored poll. Found via Wikipedia. Not yet checked against the original source.
harper-polling-2026-03-23-nc-sen,nc-sen,Harper Polling,Carolina Journal,partisan-aligned,R,LV,600,4.0,unknown,,2026-03-22,2026-03-23,,poll-a891641321,pending,,,Wikipedia marks this as a Republican-sponsored poll: Poll sponsored by The Carolina Journal Found via Wikipedia. Not yet checked against the original source.
catawba-college-yougov-2026-03-18-nc-sen,nc-sen,Catawba College/YouGov,,unknown,none,LV,1000,3.6,unknown,,2026-03-09,2026-03-18,,poll-906b5bbef7,verified,script,2026-09-25,
public-policy-polling-2026-03-14-nc-sen,nc-sen,Public Policy Polling,,partisan-aligned,D,unknown,556,4.2,unknown,,2026-03-13,2026-03-14,,poll-33d35dd1bd,verified,script,2026-09-25,Wikipedia marks this as a Democratic-sponsored poll.
nexus-strategies-strategic-partners-solu-2026-03-09-nc-sen,nc-sen,Nexus Strategies/ Strategic Partners Solutions,,unknown,none,RV,800,3.5,unknown,,2026-03-08,2026-03-09,,poll-bc2fc6edd2,verified,script,2026-09-25,
change-research-2026-02-04-nc-sen,nc-sen,Change Research,,partisan-aligned,D,RV,1069,3.1,unknown,,2026-01-31,2026-02-04,,poll-48c9f40258,pending,,,Wikipedia marks this as a Democratic-sponsored poll. Found via Wikipedia. Not yet checked against the original source.
tipp-insights-2026-01-15-nc-sen,nc-sen,TIPP Insights,League of American Workers,partisan-aligned,R,RV,1512,2.7,unknown,,2026-01-12,2026-01-15,,poll-4626bc7c7f,pending,,,Wikipedia marks this as a Republican-sponsored poll: Poll sponsored by the League of American Workers Found via Wikipedia. Not yet checked against the original source.
change-research-2026-01-07-nc-sen,nc-sen,Change Research,name=CFWD,partisan-aligned,D,LV,1105,3.5,unknown,,2026-01-05,2026-01-07,,poll-14ef755542,pending,,,Wikipedia marks this as a Democratic-sponsored poll: name=CFWD Found via Wikipedia. Not yet checked against the original source.
harper-polling-2025-11-10-nc-sen,nc-sen,Harper Polling,name=CJ,partisan-aligned,R,LV,600,4.0,unknown,,2025-11-09,2025-11-10,,poll-af8dfac784,verified,script,2026-09-25,Wikipedia marks this as a Republican-sponsored poll: name=CJ
harper-polling-2025-09-15-nc-sen,nc-sen,Harper Polling,name=CJ,partisan-aligned,R,RV,600,4.0,unknown,,2025-09-14,2025-09-15,,poll-db51a3d709,pending,,,Wikipedia marks this as a Republican-sponsored poll: name=CJ Found via Wikipedia. Not yet checked against the original source.
change-research-2025-09-08-nc-sen,nc-sen,Change Research,name=CFWD,partisan-aligned,D,LV,855,3.6,unknown,,2025-09-02,2025-09-08,,poll-9063460d42,verified,script,2026-09-25,Wikipedia marks this as a Democratic-sponsored poll: name=CFWD
harper-polling-2025-08-12-nc-sen,nc-sen,Harper Polling,Carolina Journal,partisan-aligned,R,RV,600,4.0,unknown,,2025-08-11,2025-08-12,,poll-93635e558f,pending,,,Wikipedia marks this as a Republican-sponsored poll: Poll sponsored by The Carolina Journal Found via Wikipedia. Not yet checked against the original source.
emerson-college-2025-07-30-nc-sen,nc-sen,Emerson College,,unknown,none,RV,1000,3.0,unknown,,2025-07-28,2025-07-30,,poll-95c0ea79d6,verified,script,2026-09-25,
victory-insights-2025-07-30-nc-sen,nc-sen,Victory Insights,,partisan-aligned,R,LV,600,,unknown,,2025-07-28,2025-07-30,,poll-210622f3c4,verified,script,2026-09-25,Wikipedia marks this as a Republican-sponsored poll.
chs-associates-2026-08-06-ok-sen,ok-sen,CHS & Associates,,unknown,none,RV,500,4.3,unknown,,2026-08-03,2026-08-06,,poll-e35e5da617,verified,ai,2026-09-27,"Numbers from the CHS & Associates Sooner Survey (Aug 20, 2026). The release does not state sample size, voter group or field dates; those come from Wikipedia."
university-of-new-hampshire-2026-09-21-ri-sen,ri-sen,University of New Hampshire,,unknown,none,LV,595,4.0,unknown,,2026-09-17,2026-09-21,,poll-a2e735b915,pending,,,Found via Wikipedia. Not yet checked against the original source.
university-of-new-hampshire-2026-08-24-ri-sen,ri-sen,University of New Hampshire,,unknown,none,LV,750,3.6,unknown,,2026-08-20,2026-08-24,,poll-c26762027e,pending,,,Found via Wikipedia. Not yet checked against the original source.
university-of-new-hampshire-2026-06-23-ri-sen,ri-sen,University of New Hampshire,,unknown,none,LV,664,3.9,unknown,,2026-06-18,2026-06-23,,poll-4eaa047903,pending,,,Found via Wikipedia. Not yet checked against the original source.
university-of-new-hampshire-2026-04-20-ri-sen,ri-sen,University of New Hampshire,,unknown,none,LV,556,4.0,unknown,,2026-04-16,2026-04-20,,poll-d4ee02c22a,pending,,,Found via Wikipedia. Not yet checked against the original source.
insideradvantage-2026-09-09-sc-sen,sc-sen,InsiderAdvantage,,partisan-aligned,R,LV,1200,2.83,unknown,,2026-09-08,2026-09-09,,poll-95bdc9ce16,verified,ai,2026-09-27,Numbers read from the pollster results image.
abacus-data-2026-08-28-sc-sen,sc-sen,Abacus Data,,unknown,none,LV,306,,unknown,,2026-08-26,2026-08-28,,poll-90d03c87f1,pending,,,The pollster also reported other versions (for example registered voters); we show the first one listed. Found via Wikipedia. Not yet checked against the original source.
impact-research-2026-08-24-sc-sen,sc-sen,Impact Research,name=Andrews,partisan-aligned,D,LV,700,3.7,unknown,,2026-08-18,2026-08-24,,poll-ea2409c571,verified,script,2026-09-25,Wikipedia marks this as a Democratic-sponsored poll: name=Andrews
impact-research-2026-08-22-sc-sen,sc-sen,Impact Research,name= Andrews,partisan-aligned,D,LV,900,3.3,unknown,,2026-08-14,2026-08-22,,poll-d1776e123e,verified,script,2026-09-25,Wikipedia marks this as a Democratic-sponsored poll: name= Andrews
public-policy-polling-2026-09-09-sd-sen,sd-sen,Public Policy Polling,name=Bengs1,partisan-aligned,D,RV,629,3.6,unknown,,2026-09-08,2026-09-09,,poll-8e5fdf7c3c,verified,script,2026-09-25,Wikipedia marks this as a Democratic-sponsored poll: name=Bengs1
impact-research-2026-08-17-sd-sen,sd-sen,Impact Research,name=Bengs1,partisan-aligned,D,LV,500,4.4,unknown,,2026-08-13,2026-08-17,,poll-85ea560d53,pending,,,Wikipedia marks this as a Democratic-sponsored poll: name=Bengs1 Found via Wikipedia. Not yet checked against the original source.
public-opinion-strategies-2026-07-09-sd-sen,sd-sen,Public Opinion Strategies,NRSC,party,R,LV,500,4.4,unknown,,2026-07-06,2026-07-09,,poll-0aba6c461b,pending,,,Wikipedia marks this as a Republican-sponsored poll: Poll sponsored by the NRSC Found via Wikipedia. Not yet checked against the original source.
public-policy-polling-2026-05-30-sd-sen,sd-sen,Public Policy Polling,name=Bengs1,partisan-aligned,D,RV,726,3.6,unknown,,2026-05-29,2026-05-30,,poll-55bab9c06a,verified,script,2026-09-25,Wikipedia marks this as a Democratic-sponsored poll: name=Bengs1
public-policy-polling-2026-02-18-sd-sen,sd-sen,Public Policy Polling,name=Bengs1,partisan-aligned,D,RV,685,,unknown,,2026-02-17,2026-02-18,,poll-0a7ef80369,verified,script,2026-09-25,Wikipedia marks this as a Democratic-sponsored poll: name=Bengs1
public-policy-polling-2025-11-14-sd-sen,sd-sen,Public Policy Polling,Bengs' campaign,campaign,D,RV,814,3.3,unknown,,2025-11-13,2025-11-14,,poll-55bab9c06a,pending,,,Wikipedia marks this as a Democratic-sponsored poll: Poll sponsored by Bengs' campaign Found via Wikipedia. Not yet checked against the original source.
targoz-market-research-2026-08-26-tn-sen,tn-sen,Targoz Market Research,,unknown,none,RV,1157,2.77,unknown,,2026-08-15,2026-08-26,,poll-e89dbb900a,verified,script,2026-09-25,
marist-university-2026-09-20-tx-sen,tx-sen,Marist University,,unknown,none,RV,1139,4.4,unknown,,2026-09-17,2026-09-20,,poll-194eda3173,verified,script,2026-09-25,
texas-southern-university-2026-09-19-tx-sen,tx-sen,Texas Southern University,,unknown,none,LV,1800,2.3,unknown,,2026-09-15,2026-09-19,,poll-58a654c568,verified,script,2026-09-25,
trafalgar-group-2026-09-17-tx-sen,tx-sen,Trafalgar Group,,partisan-aligned,R,LV,1079,2.9,unknown,,2026-09-15,2026-09-17,,poll-d534a13605,verified,script,2026-09-25,Wikipedia marks this as a Republican-sponsored poll.
emerson-college-2026-09-14-tx-sen,tx-sen,Emerson College,,unknown,none,LV,1000,3.0,unknown,,2026-09-12,2026-09-14,,poll-a507531992,verified,ai,2026-09-27,
socal-strategies-2026-09-13-tx-sen,tx-sen,SoCal Strategies,,unknown,none,LV,649,,unknown,,2026-09-12,2026-09-13,,poll-c839fc9892,verified,script,2026-09-25,
reconmr-siena-university-2026-09-11-tx-sen,tx-sen,ReconMR/Siena University,,unknown,none,LV,614,4.3,unknown,,2026-09-08,2026-09-11,,poll-0ed60fe3bd,verified,script,2026-09-25,
mason-dixon-2026-09-10-tx-sen,tx-sen,Mason-Dixon,,unknown,none,LV,625,4.0,unknown,,2026-09-08,2026-09-10,,poll-4aae882d44,verified,script,2026-09-25,
insideradvantage-2026-09-09-tx-sen,tx-sen,InsiderAdvantage,,unknown,none,LV,1200,2.83,unknown,,2026-09-08,2026-09-09,,poll-bcc4751ce1,verified,ai,2026-09-27,Numbers read from the pollster results image.
univision-yougov-2026-09-04-tx-sen,tx-sen,Univision/YouGov,,unknown,none,RV,1000,3.6,unknown,,2026-08-27,2026-09-04,,poll-4f9c569085,verified,script,2026-09-25,
fabrizio-ward-r-impact-research-2026-09-01-tx-sen,tx-sen,Fabrizio Ward (R) / Impact Research (D),AARP,partisan-aligned,D,LV,895,3.3,unknown,,2026-08-30,2026-09-01,,poll-af9e8575f2,verified,script,2026-09-25,Wikipedia marks this as a Democratic-sponsored poll: Poll commissioned by AARP
overton-insights-2026-08-26-tx-sen,tx-sen,Overton Insights,Texas Public Policy Foundation,partisan-aligned,R,LV,1167,2.9,unknown,,2026-08-24,2026-08-26,,poll-cc61c4d911,verified,script,2026-09-25,"Wikipedia marks this as a Republican-sponsored poll: Poll sponsored by the Texas Public Policy Foundation, a conservative think tank"
texas-public-opinion-research-2026-08-24-tx-sen,tx-sen,Texas Public Opinion Research,,partisan-aligned,D,LV,1000,3.3,unknown,,2026-08-21,2026-08-24,,poll-5f9f5f3003,verified,script,2026-09-25,Wikipedia marks this as a Democratic-sponsored poll.
university-of-texas-texas-politics-proje-2026-08-13-tx-sen,tx-sen,University of Texas/Texas Politics Project,,unknown,none,RV,1200,2.8,unknown,,2026-08-05,2026-08-13,,poll-5500149602,verified,script,2026-09-25,
emerson-college-2026-08-10-tx-sen,tx-sen,Emerson College,,unknown,none,LV,1000,3.0,unknown,,2026-08-09,2026-08-10,,poll-2cf5c9fb31,verified,script,2026-09-25,
wedgewood-polls-2026-07-31-tx-sen,tx-sen,Wedgewood Polls,,unknown,none,LV,800,4.0,unknown,,2026-07-30,2026-07-31,,poll-d1bf7cdfc8,pending,,,Found via Wikipedia. Not yet checked against the original source.
yougov-blue-2026-07-31-tx-sen,tx-sen,YouGov Blue,254 Labs,partisan-aligned,D,RV,1001,3.6,unknown,,2026-07-15,2026-07-31,,poll-d7f1ee5db9,verified,script,2026-09-25,Wikipedia marks this as a Democratic-sponsored poll: Poll conducted on behalf of 254 Labs
texas-a-m-university-reconmr-siena-unive-2026-07-30-tx-sen,tx-sen,Texas A&M University/ReconMR/Siena University,,unknown,none,LV,619,4.7,unknown,,2026-07-27,2026-07-30,,poll-513acc6df2,verified,script,2026-09-25,
texas-southern-university-2026-07-30-tx-sen,tx-sen,Texas Southern University,,unknown,none,LV,1200,2.8,unknown,,2026-07-27,2026-07-30,,poll-6dd5daff46,verified,script,2026-09-25,
beacon-research-d-shaw-co-research-2026-07-27-tx-sen,tx-sen,Beacon Research (D)/ Shaw & Co. Research,Fox News,partisan-aligned,R,RV,1005,3.0,unknown,,2026-07-23,2026-07-27,,poll-b12103f8b3,pending,,,Wikipedia marks this as a Republican-sponsored poll: Poll conducted for Fox News Found via Wikipedia. Not yet checked against the original source.
texas-public-opinion-research-2026-07-17-tx-sen,tx-sen,Texas Public Opinion Research,,partisan-aligned,D,LV,1048,3.4,unknown,,2026-07-15,2026-07-17,,poll-cd223639de,verified,script,2026-09-25,Wikipedia marks this as a Democratic-sponsored poll.
a2-insights-2026-06-28-tx-sen,tx-sen,A2 Insights,,unknown,none,LV,618,5.3,unknown,,2026-06-23,2026-06-28,,poll-cd14e43f2a,pending,,,Found via Wikipedia. Not yet checked against the original source.
new-york-times-siena-university-2026-06-27-tx-sen,tx-sen,New York Times/Siena University,,unknown,none,LV,656,4.5,unknown,,2026-06-19,2026-06-27,,poll-cc8ac021e8,pending,,,Found via Wikipedia. Not yet checked against the original source.
socal-strategies-2026-06-21-tx-sen,tx-sen,SoCal Strategies,Red Eagle Politics,partisan-aligned,R,LV,800,,unknown,,2026-06-21,2026-06-21,,poll-bdfcf1d857,verified,script,2026-09-25,"Wikipedia marks this as a Republican-sponsored poll: Poll sponsored by Red Eagle Politics, which supports Paxton"
university-of-texas-texas-politics-proje-2026-06-12-tx-sen,tx-sen,University of Texas/Texas Politics Project,,unknown,none,RV,1200,2.8,unknown,,2026-06-05,2026-06-12,,poll-23d765d941,verified,script,2026-09-25,
quantus-insights-2026-06-04-tx-sen,tx-sen,Quantus Insights,,unknown,none,LV,800,3.5,unknown,,2026-06-03,2026-06-04,,poll-6b1ff70a18,pending,,,Found via Wikipedia. Not yet checked against the original source.
texas-a-m-university-reconmr-siena-unive-2026-06-04-tx-sen,tx-sen,Texas A&M University/ReconMR/Siena University,,unknown,none,LV,807,4.0,unknown,,2026-06-01,2026-06-04,,poll-6f97abbe1b,verified,script,2026-09-25,
texas-public-opinion-research-2026-05-28-tx-sen,tx-sen,Texas Public Opinion Research,,partisan-aligned,D,LV,1670,2.8,unknown,,2026-05-27,2026-05-28,,poll-af2e2dd8d7,verified,script,2026-09-25,Wikipedia marks this as a Democratic-sponsored poll.
public-policy-polling-2026-05-23-tx-sen,tx-sen,Public Policy Polling,Lone Star Rising PAC,partisan-aligned,D,RV,643,,unknown,,2026-05-22,2026-05-23,,poll-80ee5cd419,verified,script,2026-09-25,"Wikipedia marks this as a Democratic-sponsored poll: Poll sponsored by Lone Star Rising PAC, which supports Talarico"
texas-southern-university-2026-05-06-tx-sen,tx-sen,Texas Southern University,,unknown,none,LV,1223,2.8,unknown,,2026-04-22,2026-05-06,,poll-e4757f35ba,verified,script,2026-09-25,
texas-public-opinion-research-2026-04-20-tx-sen,tx-sen,Texas Public Opinion Research,,partisan-aligned,D,LV,1018,3.3,unknown,,2026-04-17,2026-04-20,,poll-ead6914827,verified,script,2026-09-25,Wikipedia marks this as a Democratic-sponsored poll.
university-of-texas-texas-politics-proje-2026-04-20-tx-sen,tx-sen,University of Texas/Texas Politics Project,,unknown,none,RV,1200,2.8,unknown,,2026-04-10,2026-04-20,,poll-bf1a789d6b,verified,script,2026-09-25,
impact-research-2026-03-17-tx-sen,tx-sen,Impact Research,name=Talarico,partisan-aligned,D,LV,900,3.3,unknown,,2026-03-12,2026-03-17,,poll-76962896c2,pending,,,Wikipedia marks this as a Democratic-sponsored poll: name=Talarico Found via Wikipedia. Not yet checked against the original source.
public-policy-polling-2026-03-05-tx-sen,tx-sen,Public Policy Polling,name=SMP,partisan-aligned,D,unknown,576,4.1,unknown,,2026-03-04,2026-03-05,,poll-4172a87e72,pending,,,Wikipedia marks this as a Democratic-sponsored poll: name=SMP Found via Wikipedia. Not yet checked against the original source.
university-of-houston-yougov-2026-01-31-tx-sen,tx-sen,University of Houston/YouGov,,unknown,none,LV,1502,2.5,unknown,,2026-01-20,2026-01-31,,poll-048c12fd2a,verified,script,2026-09-25,
emerson-college-2026-01-12-tx-sen,tx-sen,Emerson College,,unknown,none,RV,1165,2.8,unknown,,2026-01-10,2026-01-12,,poll-17d0f07372,verified,script,2026-09-25,
ragnar-research-partners-2025-11-17-tx-sen,tx-sen,Ragnar Research Partners,,partisan-aligned,R,LV,1000,3.0,unknown,,2025-11-12,2025-11-17,,poll-36e2bfeaa6,pending,,,Wikipedia marks this as a Republican-sponsored poll. Found via Wikipedia. Not yet checked against the original source.
ut-tyler-2025-09-24-tx-sen,tx-sen,UT Tyler,,unknown,none,RV,1032,3.1,unknown,,2025-09-17,2025-09-24,,poll-a18a4af724,pending,,,Found via Wikipedia. Not yet checked against the original source.
ragnar-research-partners-2026-03-14-az-06,az-06,Ragnar Research Partners,Conservatives For America,partisan-aligned,R,LV,400,5.0,unknown,,2026-03-12,2026-03-14,,poll-9ac0d56a08,pending,,,"Wikipedia marks this as a Republican-sponsored poll: Poll commissioned by Conservatives For America, an organization linked to the Republican Study Committee Found via Wikipedia. Not yet checked against the original source."
public-policy-polling-2025-10-15-az-06,az-06,Public Policy Polling,House Majority PAC,partisan-aligned,D,LV,581,,unknown,,2025-10-14,2025-10-15,,poll-a4357a8bef,pending,,,"Wikipedia marks this as a Democratic-sponsored poll: Poll commissioned by the House Majority PAC, which supports Mendoza Found via Wikipedia. Not yet checked against the original source."
mclaughlin-and-associates-2026-09-17-co-08,co-08,McLaughlin and Associates,Enhancing American Competitiveness,partisan-aligned,R,LV,400,4.9,unknown,,2026-09-16,2026-09-17,,poll-85241a216c,verified,script,2026-09-25,"Wikipedia marks this as a Republican-sponsored poll: Poll sponsored by Enhancing American Competitiveness, a conservative political nonprofit that doesn’t reveal its donors and is backing Evans."
st-pete-polls-2026-07-15-fl-14,fl-14,St. Pete Polls,,unknown,none,LV,469,4.5,unknown,,2026-07-14,2026-07-15,,poll-cda05a1251,verified,script,2026-09-25,
beacon-insights-2026-05-02-fl-25,fl-25,Beacon Insights,,unknown,none,RV,461,,unknown,,2026-05-01,2026-05-02,,poll-15ff0d55f5,verified,script,2026-09-25,
the-bullfinch-group-independent-center-2026-07-16-ia-01,ia-01,The Bullfinch Group/Independent Center,,unknown,none,LV,705,3.7,unknown,,2026-07-13,2026-07-16,,poll-f29b832356,pending,,,Found via Wikipedia. Not yet checked against the original source.
public-policy-polling-2025-06-19-ia-01,ia-01,Public Policy Polling,House Majority PAC,partisan-aligned,D,unknown,555,,unknown,,2025-06-18,2025-06-19,,poll-4384e34ad5,pending,,,"Wikipedia marks this as a Democratic-sponsored poll: Poll sponsored by House Majority PAC, which is focused on electing Democrats to the U.S. House of Representatives Found via Wikipedia. Not yet checked against the original source."
ragnar-research-partners-2026-03-14-ia-03,ia-03,Ragnar Research Partners,Conservatives For America,partisan-aligned,R,LV,400,5.0,unknown,,2026-03-12,2026-03-14,,poll-5e8febb857,verified,script,2026-09-25,"Wikipedia marks this as a Republican-sponsored poll: Poll commissioned by Conservatives For America, an organization linked to the Republican Study Committee"
global-strategy-group-2026-08-13-mi-07,mi-07,Global Strategy Group,House Majority PAC,partisan-aligned,D,LV,500,,unknown,,2026-08-11,2026-08-13,,poll-0b9992daa3,verified,ai,2026-09-27,Numbers from House Majority PAC release (initial head-to-head). The release does not state the sample size.
global-strategy-group-2026-08-13-mi-10,mi-10,Global Strategy Group,name=HMP,partisan-aligned,D,LV,600,4.4,unknown,,2026-08-10,2026-08-13,,poll-5fb97ac9e7,verified,script,2026-09-25,Wikipedia marks this as a Democratic-sponsored poll: name=HMP
public-policy-polling-2026-01-17-mi-10,mi-10,Public Policy Polling,name=Hines,partisan-aligned,D,RV,592,4.0,unknown,,2026-01-16,2026-01-17,,poll-37a1337c65,pending,,,Wikipedia marks this as a Democratic-sponsored poll: name=Hines Found via Wikipedia. Not yet checked against the original source.
co-efficient-2026-07-22-ny-17,ny-17,co/efficient,,partisan-aligned,R,LV,1292,2.7,unknown,,2026-07-20,2026-07-22,,poll-b4a67cb46d,verified,script,2026-09-25,Wikipedia marks this as a Republican-sponsored poll.
fm3-research-2026-07-01-ny-17,ny-17,FM3 Research,name=HMP,partisan-aligned,D,LV,509,,unknown,,2026-06-27,2026-07-01,,poll-9b6f79ab42,pending,,,Wikipedia marks this as a Democratic-sponsored poll: name=HMP Found via Wikipedia. Not yet checked against the original source.
bedrock-polling-2026-08-10-oh-07,oh-07,Bedrock Polling,International Association of Bridge,partisan-aligned,D,LV,866,3.7,unknown,,2026-08-07,2026-08-10,,poll-30ee35e9d2,pending,,,"Wikipedia marks this as a Democratic-sponsored poll: Poll sponsored by International Association of Bridge, Structural, Ornamental and Reinforcing Iron Workers which supports Poindexter and The Next 50 Found via Wikipedia. Not yet checked against the original source."
tavern-research-2026-08-05-oh-07,oh-07,Tavern Research,,partisan-aligned,D,LV,635,4.8,unknown,,2026-08-04,2026-08-05,,poll-fb588981bc,verified,script,2026-09-25,Wikipedia marks this as a Democratic-sponsored poll.
co-efficient-2026-07-30-oh-07,oh-07,co/efficient,,partisan-aligned,R,unknown,,3.8,unknown,,2026-07-29,2026-07-30,,poll-5737a7a0bb,verified,ai,2026-09-27,Numbers as reported by NOTUS; the pollster memo was not available to us.
gbao-2026-06-20-oh-07,oh-07,GBAO,Poindexter's campaign,campaign,D,LV,500,3.5,unknown,,2026-06-16,2026-06-20,,poll-61ef91911f,verified,script,2026-09-25,Wikipedia marks this as a Democratic-sponsored poll: Poll sponsored by Poindexter's campaign
mclaughlin-associates-2026-04-20-oh-09,oh-09,McLaughlin & Associates,NRCC,party,R,LV,400,4.9,unknown,,2026-04-18,2026-04-20,,poll-ae1c2e1159,pending,,,Wikipedia marks this as a Republican-sponsored poll: Poll sponsored by the NRCC Found via Wikipedia. Not yet checked against the original source.
franklin-marshall-college-2026-09-20-pa-07,pa-07,Franklin & Marshall College,,unknown,none,RV,357,5.8,unknown,,2026-09-09,2026-09-20,,poll-940eaa16da,verified,ai,2026-09-27,"Registered voters, interviews Sept 9–20, per the Franklin & Marshall summary. The summary does not give the district sample size; the size shown comes from Wikipedia."
gbao-2026-07-02-pa-07,pa-07,GBAO,name=HMP,partisan-aligned,D,LV,550,,unknown,,2026-06-29,2026-07-02,,poll-baa57ff250,pending,,,Wikipedia marks this as a Democratic-sponsored poll: name=HMP Found via Wikipedia. Not yet checked against the original source.
lake-research-partners-2026-06-23-pa-08,pa-08,Lake Research Partners,name=HMP,partisan-aligned,D,unknown,400,,unknown,,2026-06-18,2026-06-23,,poll-8d74406146,verified,script,2026-09-25,Wikipedia marks this as a Democratic-sponsored poll: name=HMP
impact-research-2026-06-11-pa-08,pa-08,Impact Research,Cognetti's campaign,campaign,D,LV,500,4.4,unknown,,2026-06-08,2026-06-11,,poll-e9e03c7329,verified,script,2026-09-25,Wikipedia marks this as a Democratic-sponsored poll: Poll sponsored by Cognetti's campaign
public-policy-polling-2025-08-28-pa-08,pa-08,Public Policy Polling,House Majority PAC,partisan-aligned,D,unknown,615,,unknown,,2025-08-27,2025-08-28,,poll-24453cf989,pending,,,"Wikipedia marks this as a Democratic-sponsored poll: Poll sponsored by House Majority PAC, which is focused on electing Democrats to the U.S. House of Representatives Found via Wikipedia. Not yet checked against the original source."
franklin-marshall-college-2026-09-20-pa-10,pa-10,Franklin & Marshall College,,unknown,none,RV,390,5.7,unknown,,2026-09-09,2026-09-20,,poll-940eaa16da,verified,ai,2026-09-27,"Registered voters, interviews Sept 9–20, per the Franklin & Marshall summary. The summary does not give the district sample size; the size shown comes from Wikipedia."
normington-petts-2026-04-23-pa-10,pa-10,Normington Petts,Stelson's campaign,campaign,D,RV,400,4.9,unknown,,2026-04-20,2026-04-23,,poll-d70b9886b4,verified,script,2026-09-25,Wikipedia marks this as a Democratic-sponsored poll: Poll sponsored by Stelson's campaign
public-policy-polling-2025-11-19-pa-10,pa-10,Public Policy Polling,Republicans Against Perry,partisan-aligned,D,RV,549,4.1,unknown,,2025-11-18,2025-11-19,,poll-2975aabed1,pending,,,Wikipedia marks this as a Democratic-sponsored poll: Poll sponsored by Republicans Against Perry Found via Wikipedia. Not yet checked against the original source.
public-policy-polling-2025-07-11-pa-10,pa-10,Public Policy Polling,House Majority PAC,partisan-aligned,D,unknown,559,,unknown,,2025-07-10,2025-07-11,,poll-18e0e600f1,pending,,,"Wikipedia marks this as a Democratic-sponsored poll: Poll sponsored by House Majority PAC, which supports Stelson Found via Wikipedia. Not yet checked against the original source."
public-policy-research-texas-southern-un-2026-08-22-tx-34,tx-34,Public Policy Research/Texas Southern University,,unknown,none,LV,700,3.7,unknown,,2026-08-18,2026-08-22,,poll-9509c4475c,verified,script,2026-09-25,
co-efficient-2026-04-29-tx-34,tx-34,co/efficient,National Republican Congressional Committee,partisan-aligned,R,LV,777,3.5,unknown,,2026-04-25,2026-04-29,,poll-29819089cd,verified,script,2026-09-25,Wikipedia marks this as a Republican-sponsored poll: Poll commissioned by the National Republican Congressional Committee
co-efficient-2026-04-29-wa-03,wa-03,co/efficient,NRCC,party,R,LV,982,3.1,unknown,,2026-04-25,2026-04-29,,poll-0f0e692dba,verified,script,2026-09-25,Wikipedia marks this as a Republican-sponsored poll: Poll commissioned by the NRCC
fm3-research-2026-06-25-wi-03,wi-03,FM3 Research,name=Majority,partisan-aligned,D,LV,535,4.4,unknown,,2026-06-20,2026-06-25,,poll-15eaf61c0e,pending,,,Wikipedia marks this as a Democratic-sponsored poll: name=Majority Found via Wikipedia. Not yet checked against the original source.
impact-research-2026-05-31-wi-03,wi-03,Impact Research,name=Cooke,partisan-aligned,D,LV,500,4.4,unknown,,2026-05-26,2026-05-31,,poll-1f9f6e1456,pending,,,Wikipedia marks this as a Democratic-sponsored poll: name=Cooke Found via Wikipedia. Not yet checked against the original source.
impact-research-2026-02-17-wi-03,wi-03,Impact Research,name=Cooke,partisan-aligned,D,LV,500,4.4,unknown,,2026-02-12,2026-02-17,,poll-519993fe19,pending,,,Wikipedia marks this as a Democratic-sponsored poll: name=Cooke Found via Wikipedia. Not yet checked against the original source.
public-policy-polling-2025-10-15-wi-03,wi-03,Public Policy Polling,House Majority PAC,partisan-aligned,D,LV,609,,unknown,,2025-10-14,2025-10-15,,poll-34c1816398,pending,,,"Wikipedia marks this as a Democratic-sponsored poll: Poll commissioned by the House Majority PAC, which supports Cooke Found via Wikipedia. Not yet checked against the original source."
