race,year,contest,candidate,party,votes,winner,source,notes
va-sen,2020,U.S. Senate (this seat),Mark R. Warner,democratic,2466500,true,clerk-2020-stats,
va-sen,2020,U.S. Senate (this seat),Daniel M. Gade,republican,1934199,false,clerk-2020-stats,
va-sen,2020,U.S. Senate (this seat),Write-in,write-in,4388,false,clerk-2020-stats,
va-sen,2024,U.S. Senate (Virginia's other seat),Tim Kaine,democratic,2417115,true,clerk-2024-stats,Virginia's other Senate seat; shown for recent statewide context.
va-sen,2024,U.S. Senate (Virginia's other seat),Hung Cao,republican,2019911,false,clerk-2024-stats,Virginia's other Senate seat; shown for recent statewide context.
va-sen,2024,U.S. Senate (Virginia's other seat),Write-in,write-in,8509,false,clerk-2024-stats,Virginia's other Senate seat; shown for recent statewide context.
va-01,2024,U.S. House,Robert J. Wittman,republican,269657,true,clerk-2024-stats,
va-01,2024,U.S. House,Leslie C. Mehta,democratic,208445,false,clerk-2024-stats,
va-01,2024,U.S. House,Write-in,write-in,804,false,clerk-2024-stats,
va-02,2024,U.S. House,Jennifer A. Kiggans,republican,207368,true,clerk-2024-stats,
va-02,2024,U.S. House,Missy Cotter Smasal,democratic,191666,false,clerk-2024-stats,
va-02,2024,U.S. House,"Robert E. Reid, Jr.",independent,9197,false,clerk-2024-stats,
va-02,2024,U.S. House,Write-in,write-in,471,false,clerk-2024-stats,
va-03,2024,U.S. House,"Robert C. ""Bobby"" Scott",democratic,219926,true,clerk-2024-stats,
va-03,2024,U.S. House,John Sitka III,republican,93801,false,clerk-2024-stats,
va-03,2024,U.S. House,Write-in,write-in,670,false,clerk-2024-stats,
va-04,2024,U.S. House,Jennifer L. McClellan,democratic,252885,true,clerk-2024-stats,
va-04,2024,U.S. House,"William J. ""Bill"" Moher III",republican,121814,false,clerk-2024-stats,
va-04,2024,U.S. House,Write-in,write-in,809,false,clerk-2024-stats,
va-05,2024,U.S. House,John J. McGuire III,republican,249564,true,clerk-2024-stats,
va-05,2024,U.S. House,Gloria Tinsley Witt,democratic,184229,false,clerk-2024-stats,
va-05,2024,U.S. House,Write-in,write-in,2046,false,clerk-2024-stats,
va-06,2024,U.S. House,Ben Cline,republican,256933,true,clerk-2024-stats,
va-06,2024,U.S. House,Ken L. Mitchell,democratic,141612,false,clerk-2024-stats,
va-06,2024,U.S. House,"Robert C. ""Robby"" Wells, Jr.",independent,7980,false,clerk-2024-stats,
va-06,2024,U.S. House,Write-in,write-in,510,false,clerk-2024-stats,
va-07,2024,U.S. House,Eugene S. Vindman,democratic,203336,true,clerk-2024-stats,
va-07,2024,U.S. House,Derrick M. Anderson,republican,192847,false,clerk-2024-stats,
va-07,2024,U.S. House,Write-in,write-in,1116,false,clerk-2024-stats,
va-08,2024,U.S. House,"Donald S. Beyer, Jr.",democratic,274593,true,clerk-2024-stats,
va-08,2024,U.S. House,Jerry W. Torres,republican,94676,false,clerk-2024-stats,
va-08,2024,U.S. House,David R. Kennedy,independent,9956,false,clerk-2024-stats,
va-08,2024,U.S. House,Bentley F. Hensel,independent,3656,false,clerk-2024-stats,
va-08,2024,U.S. House,Write-in,write-in,1034,false,clerk-2024-stats,
va-09,2024,U.S. House,H. Morgan Griffith,republican,290645,true,clerk-2024-stats,
va-09,2024,U.S. House,Karen G. H. Baker,democratic,109570,false,clerk-2024-stats,
va-09,2024,U.S. House,Write-in,write-in,748,false,clerk-2024-stats,
va-10,2024,U.S. House,Suhas Subramanyam,democratic,215131,true,clerk-2024-stats,
va-10,2024,U.S. House,Mike W. Clancy,republican,196343,false,clerk-2024-stats,
va-10,2024,U.S. House,Write-in,write-in,1538,false,clerk-2024-stats,
va-11,2024,U.S. House,Gerald E. Connolly,democratic,273529,true,clerk-2024-stats,The current incumbent (James R. Walkinshaw) was not the 2024 winner. We are adding a sourced note on how the seat changed hands.
va-11,2024,U.S. House,Mike L. Van Meter,republican,134802,false,clerk-2024-stats,
va-11,2024,U.S. House,Write-in,write-in,1855,false,clerk-2024-stats,
al-sen,2020,U.S. Senate (this seat),Doug Jones,democratic,920478,false,clerk-2020-stats,
al-sen,2020,U.S. Senate (this seat),Tommy Tuberville,republican,1392076,true,clerk-2020-stats,
al-sen,2020,U.S. Senate (this seat),Write-in / other,write-in,3891,false,clerk-2020-stats,
ak-sen,2020,U.S. Senate (this seat),Al Gross,democratic,146068,false,clerk-2020-stats,
ak-sen,2020,U.S. Senate (this seat),Dan Sullivan,republican,191112,true,clerk-2020-stats,
ak-sen,2020,U.S. Senate (this seat),John Wayne Howe,alaskan-independence,16806,false,clerk-2020-stats,
ak-sen,2020,U.S. Senate (this seat),Write-in / other,write-in,601,false,clerk-2020-stats,
ar-sen,2020,U.S. Senate (this seat),Tom Cotton,republican,793871,true,clerk-2020-stats,
ar-sen,2020,U.S. Senate (this seat),"Ricky Dale Harrington, Jr.",libertarian,399390,false,clerk-2020-stats,
co-sen,2020,U.S. Senate (this seat),John W. Hickenlooper,democratic,1731114,true,clerk-2020-stats,
co-sen,2020,U.S. Senate (this seat),Cory Gardner,republican,1429492,false,clerk-2020-stats,
co-sen,2020,U.S. Senate (this seat),Raymon Anthony Doane,libertarian,56262,false,clerk-2020-stats,
co-sen,2020,U.S. Senate (this seat),Daniel Doyle,approval-voting-party,9820,false,clerk-2020-stats,
co-sen,2020,U.S. Senate (this seat),Stephan “Seku” Evans,unity-party-of-colorado,8971,false,clerk-2020-stats,
de-sen,2020,U.S. Senate (this seat),Christopher A. Coons,democratic,291804,true,clerk-2020-stats,
de-sen,2020,U.S. Senate (this seat),Lauren Witzke,republican,186054,false,clerk-2020-stats,
de-sen,2020,U.S. Senate (this seat),Mark W. Turley,independent-party-of-delaware,7833,false,clerk-2020-stats,
de-sen,2020,U.S. Senate (this seat),Nadine M. Frost,libertarian,5244,false,clerk-2020-stats,
ga-sen,2021,"U.S. Senate runoff (this seat), Jan 5, 2021",Jon Ossoff,democratic,2269923,true,clerk-2020-stats,"Runoff held because no candidate won a majority on Nov 3, 2020."
ga-sen,2021,"U.S. Senate runoff (this seat), Jan 5, 2021",David Perdue,republican,2214979,false,clerk-2020-stats,"Runoff held because no candidate won a majority on Nov 3, 2020."
ga-sen,2020,"U.S. Senate general election (this seat), Nov 3, 2020",Jon Ossoff,democratic,2374519,false,clerk-2020-stats,"No one won a majority, so it went to a runoff."
ga-sen,2020,"U.S. Senate general election (this seat), Nov 3, 2020",David Perdue,republican,2462617,false,clerk-2020-stats,"No one won a majority, so it went to a runoff."
ga-sen,2020,"U.S. Senate general election (this seat), Nov 3, 2020",Shane Hazel,libertarian,115039,false,clerk-2020-stats,"No one won a majority, so it went to a runoff."
id-sen,2020,U.S. Senate (this seat),Paulette Jordan,democratic,285864,false,clerk-2020-stats,
id-sen,2020,U.S. Senate (this seat),James E. Risch,republican,538446,true,clerk-2020-stats,
id-sen,2020,U.S. Senate (this seat),Natalie M. Fleming,independent,25329,false,clerk-2020-stats,
id-sen,2020,U.S. Senate (this seat),Ray J. Writz,constitution,10188,false,clerk-2020-stats,
il-sen,2020,U.S. Senate (this seat),Richard J. Durbin,democratic,3278930,true,clerk-2020-stats,
il-sen,2020,U.S. Senate (this seat),"Mark C. Curran, Jr.",republican,2319870,false,clerk-2020-stats,
il-sen,2020,U.S. Senate (this seat),Willie L. Wilson,willie-wilson-party,237699,false,clerk-2020-stats,
il-sen,2020,U.S. Senate (this seat),Danny Malouf,libertarian,75673,false,clerk-2020-stats,
il-sen,2020,U.S. Senate (this seat),David F. Black,green,56711,false,clerk-2020-stats,
il-sen,2020,U.S. Senate (this seat),Kevin Keely,write-in,10,false,clerk-2020-stats,
il-sen,2020,U.S. Senate (this seat),Lowell Martin Seida,write-in,6,false,clerk-2020-stats,
il-sen,2020,U.S. Senate (this seat),Albert A. Schaal,write-in,2,false,clerk-2020-stats,
ia-sen,2020,U.S. Senate (this seat),Theresa Greenfield,democratic,754859,false,clerk-2020-stats,
ia-sen,2020,U.S. Senate (this seat),Joni Ernst,republican,864997,true,clerk-2020-stats,
ia-sen,2020,U.S. Senate (this seat),Rick Stewart,libertarian,36961,false,clerk-2020-stats,
ia-sen,2020,U.S. Senate (this seat),Suzanne Herzog,no-party,13800,false,clerk-2020-stats,
ia-sen,2020,U.S. Senate (this seat),Write-in / other,write-in,1211,false,clerk-2020-stats,
ks-sen,2020,U.S. Senate (this seat),Barbara Bollier,democratic,571530,false,clerk-2020-stats,
ks-sen,2020,U.S. Senate (this seat),Roger W. Marshall,republican,727962,true,clerk-2020-stats,
ks-sen,2020,U.S. Senate (this seat),Jason Buckley,libertarian,68263,false,clerk-2020-stats,
ky-sen,2020,U.S. Senate (this seat),Amy McGrath,democratic,816257,false,clerk-2020-stats,
ky-sen,2020,U.S. Senate (this seat),Mitch McConnell,republican,1233315,true,clerk-2020-stats,
ky-sen,2020,U.S. Senate (this seat),Brad Barron,libertarian,85386,false,clerk-2020-stats,
ky-sen,2020,U.S. Senate (this seat),Paul John Frangedakis,write-in,70,false,clerk-2020-stats,
ky-sen,2020,U.S. Senate (this seat),Daniel Cobble,write-in,18,false,clerk-2020-stats,
ky-sen,2020,U.S. Senate (this seat),Randall Lee Teegarden,write-in,9,false,clerk-2020-stats,
ky-sen,2020,U.S. Senate (this seat),Harold H. Fitzpatrick,write-in,1,false,clerk-2020-stats,
ky-sen,2020,U.S. Senate (this seat),Demetra Wysinger,write-in,1,false,clerk-2020-stats,
la-sen,2020,U.S. Senate (this seat),Adrian Perkins,democratic,394049,false,clerk-2020-stats,
la-sen,2020,U.S. Senate (this seat),Derrick “Champ” Edwards,democratic,229814,false,clerk-2020-stats,
la-sen,2020,U.S. Senate (this seat),Antoine Pierce,democratic,55710,false,clerk-2020-stats,
la-sen,2020,U.S. Senate (this seat),David Drew Knight,democratic,36962,false,clerk-2020-stats,
la-sen,2020,U.S. Senate (this seat),Peter Wenstrup,democratic,14454,false,clerk-2020-stats,
la-sen,2020,U.S. Senate (this seat),Bill Cassidy,republican,1228908,true,clerk-2020-stats,
la-sen,2020,U.S. Senate (this seat),Dustin Murphy,republican,38383,false,clerk-2020-stats,
la-sen,2020,U.S. Senate (this seat),Beryl Billiot,no-party,17362,false,clerk-2020-stats,
la-sen,2020,U.S. Senate (this seat),John Paul Bourgeois,no-party,16518,false,clerk-2020-stats,
la-sen,2020,U.S. Senate (this seat),Aaron C. Sigler,libertarian,11321,false,clerk-2020-stats,
la-sen,2020,U.S. Senate (this seat),M. V. “Vinny” Mendoza,independent,7811,false,clerk-2020-stats,
la-sen,2020,U.S. Senate (this seat),Melinda Mary Price,other,7680,false,clerk-2020-stats,
la-sen,2020,U.S. Senate (this seat),Jamar Montgomery,no-party,5804,false,clerk-2020-stats,
la-sen,2020,U.S. Senate (this seat),Reno Jean Daret III,no-party,3954,false,clerk-2020-stats,
la-sen,2020,U.S. Senate (this seat),“Xan” John,other,2813,false,clerk-2020-stats,
me-sen,2020,U.S. Senate (this seat),Sara I. Gideon,democratic,347223,false,clerk-2020-stats,
me-sen,2020,U.S. Senate (this seat),Susan M. Collins,republican,417645,true,clerk-2020-stats,
me-sen,2020,U.S. Senate (this seat),Lisa Savage,independent,40579,false,clerk-2020-stats,
me-sen,2020,U.S. Senate (this seat),Max Patrick Linn,independent,13508,false,clerk-2020-stats,
me-sen,2020,U.S. Senate (this seat),Write-in / other,write-in,228,false,clerk-2020-stats,
ma-sen,2020,U.S. Senate (this seat),Edward J. Markey,democratic,2357809,true,clerk-2020-stats,
ma-sen,2020,U.S. Senate (this seat),Kevin J. O’Connor,republican,1177765,false,clerk-2020-stats,
ma-sen,2020,U.S. Senate (this seat),Shiva Ayyadurai,write-in,21134,false,clerk-2020-stats,
ma-sen,2020,U.S. Senate (this seat),Write-in / other,write-in,7428,false,clerk-2020-stats,
mi-sen,2020,U.S. Senate (this seat),Gary C. Peters,democratic,2734568,true,clerk-2020-stats,
mi-sen,2020,U.S. Senate (this seat),John James,republican,2642233,false,clerk-2020-stats,
mi-sen,2020,U.S. Senate (this seat),Valerie L. Willis,us-taxpayers,50597,false,clerk-2020-stats,
mi-sen,2020,U.S. Senate (this seat),Marcia Squier,green,39217,false,clerk-2020-stats,
mi-sen,2020,U.S. Senate (this seat),Doug Dern,natural-law,13093,false,clerk-2020-stats,
mi-sen,2020,U.S. Senate (this seat),Leonard Paul Gadzinski,write-in,7,false,clerk-2020-stats,
mi-sen,2020,U.S. Senate (this seat),Robert William Carr,write-in,5,false,clerk-2020-stats,
mn-sen,2020,U.S. Senate (this seat),Tina Smith,democratic,1566522,true,clerk-2020-stats,
mn-sen,2020,U.S. Senate (this seat),Jason Lewis,republican,1398145,false,clerk-2020-stats,
mn-sen,2020,U.S. Senate (this seat),Kevin O’Connor,legal-marijuana-now,190154,false,clerk-2020-stats,
mn-sen,2020,U.S. Senate (this seat),Oliver Steinberg,grassroots-legalize-cannabis,57174,false,clerk-2020-stats,
mn-sen,2020,U.S. Senate (this seat),Write-in / other,write-in,2261,false,clerk-2020-stats,
ms-sen,2020,U.S. Senate (this seat),Mike Espy,democratic,578691,false,clerk-2020-stats,
ms-sen,2020,U.S. Senate (this seat),Cindy Hyde-Smith,republican,709511,true,clerk-2020-stats,
ms-sen,2020,U.S. Senate (this seat),Jimmy L. Edwards,libertarian,23152,false,clerk-2020-stats,
mt-sen,2020,U.S. Senate (this seat),Steve Bullock,democratic,272463,false,clerk-2020-stats,
mt-sen,2020,U.S. Senate (this seat),Steve Daines,republican,333174,true,clerk-2020-stats,
ne-sen,2024,U.S. Senate special election (this seat),Pete Ricketts,republican,585103,true,clerk-2024-stats,Special election for the rest of Ben Sasse's term.
ne-sen,2024,U.S. Senate special election (this seat),"Preston Love, Jr.",democratic,349902,false,clerk-2024-stats,Special election for the rest of Ben Sasse's term.
nh-sen,2020,U.S. Senate (this seat),Jeanne Shaheen,democratic,450778,true,clerk-2020-stats,
nh-sen,2020,U.S. Senate (this seat),Corky Messner,republican,326229,false,clerk-2020-stats,
nh-sen,2020,U.S. Senate (this seat),Justin O’Donnell,libertarian,18421,false,clerk-2020-stats,
nh-sen,2020,U.S. Senate (this seat),Write-in / other,write-in,486,false,clerk-2020-stats,
nj-sen,2020,U.S. Senate (this seat),Cory A. Booker,democratic,2541178,true,clerk-2020-stats,
nj-sen,2020,U.S. Senate (this seat),Rikin “Rik” Mehta,republican,1817052,false,clerk-2020-stats,
nj-sen,2020,U.S. Senate (this seat),Madelyn R. Hoffman,green,38288,false,clerk-2020-stats,
nj-sen,2020,U.S. Senate (this seat),Veronica Fernandez,of-by-for,32290,false,clerk-2020-stats,
nj-sen,2020,U.S. Senate (this seat),Daniel Burke,larouche-was-right,11632,false,clerk-2020-stats,
nm-sen,2020,U.S. Senate (this seat),Ben Ray Luján,democratic,474483,true,clerk-2020-stats,
nm-sen,2020,U.S. Senate (this seat),Mark V. Ronchetti,republican,418483,false,clerk-2020-stats,
nm-sen,2020,U.S. Senate (this seat),Bob Walsh,libertarian,24271,false,clerk-2020-stats,
nc-sen,2020,U.S. Senate (this seat),Cal Cunningham,democratic,2569965,false,clerk-2020-stats,
nc-sen,2020,U.S. Senate (this seat),Thom Tillis,republican,2665598,true,clerk-2020-stats,
nc-sen,2020,U.S. Senate (this seat),Shannon W. Bray,libertarian,171571,false,clerk-2020-stats,
nc-sen,2020,U.S. Senate (this seat),Kevin E. Hayes,constitution,67818,false,clerk-2020-stats,
ok-sen,2022,U.S. Senate special election (this seat),Markwayne Mullin,republican,710643,true,clerk-2022-stats,Special election for the rest of Jim Inhofe's term. The current senator was appointed later.
ok-sen,2022,U.S. Senate special election (this seat),Kendra Horn,democratic,405389,false,clerk-2022-stats,Special election for the rest of Jim Inhofe's term. The current senator was appointed later.
ok-sen,2022,U.S. Senate special election (this seat),Robert Murphy,libertarian,17386,false,clerk-2022-stats,Special election for the rest of Jim Inhofe's term. The current senator was appointed later.
ok-sen,2022,U.S. Senate special election (this seat),Ray Woods,independent,17063,false,clerk-2022-stats,Special election for the rest of Jim Inhofe's term. The current senator was appointed later.
or-sen,2020,U.S. Senate (this seat),Jeff Merkley,democratic,1321047,true,clerk-2020-stats,
or-sen,2020,U.S. Senate (this seat),Jo Rae Perkins,republican,912814,false,clerk-2020-stats,
or-sen,2020,U.S. Senate (this seat),Gary Dye,libertarian,42747,false,clerk-2020-stats,
or-sen,2020,U.S. Senate (this seat),Ibrahim A. Taher,pacific-green,42239,false,clerk-2020-stats,
or-sen,2020,U.S. Senate (this seat),Write-in / other,write-in,2402,false,clerk-2020-stats,
ri-sen,2020,U.S. Senate (this seat),Jack Reed,democratic,328574,true,clerk-2020-stats,
ri-sen,2020,U.S. Senate (this seat),Allen R. Waters,republican,164855,false,clerk-2020-stats,
ri-sen,2020,U.S. Senate (this seat),Write-in / other,write-in,833,false,clerk-2020-stats,
sc-sen,2020,U.S. Senate (this seat),Jaime Harrison,democratic,1110828,false,clerk-2020-stats,
sc-sen,2020,U.S. Senate (this seat),Lindsey Graham,republican,1369137,true,clerk-2020-stats,
sc-sen,2020,U.S. Senate (this seat),Bill Bledsoe,constitution,32845,false,clerk-2020-stats,
sd-sen,2020,U.S. Senate (this seat),Dan Ahlers,democratic,143987,false,clerk-2020-stats,
sd-sen,2020,U.S. Senate (this seat),Mike Rounds,republican,276232,true,clerk-2020-stats,
tn-sen,2020,U.S. Senate (this seat),Marquita Bradshaw,democratic,1040691,false,clerk-2020-stats,
tn-sen,2020,U.S. Senate (this seat),Bill Hagerty,republican,1840926,true,clerk-2020-stats,
tn-sen,2020,U.S. Senate (this seat),Elizabeth McLeod,independent,16652,false,clerk-2020-stats,
tn-sen,2020,U.S. Senate (this seat),"Yomi “Fapas” Faparusi, Sr.",independent,10727,false,clerk-2020-stats,
tn-sen,2020,U.S. Senate (this seat),Steven J. Hooper,independent,9609,false,clerk-2020-stats,
tn-sen,2020,U.S. Senate (this seat),Kacey Morgan,independent,9598,false,clerk-2020-stats,
tn-sen,2020,U.S. Senate (this seat),Ronnie Henley,independent,8478,false,clerk-2020-stats,
tn-sen,2020,U.S. Senate (this seat),Aaron James,independent,7203,false,clerk-2020-stats,
tn-sen,2020,U.S. Senate (this seat),Eric William Stansberry,independent,6781,false,clerk-2020-stats,
tn-sen,2020,U.S. Senate (this seat),G. Dean Hill,independent,4872,false,clerk-2020-stats,
tn-sen,2020,U.S. Senate (this seat),Jeffrey Alan Grunau,independent,4160,false,clerk-2020-stats,
tn-sen,2020,U.S. Senate (this seat),John A. Gentry,write-in,64,false,clerk-2020-stats,
tx-sen,2020,U.S. Senate (this seat),Mary “MJ” Hegar,democratic,4888764,false,clerk-2020-stats,
tx-sen,2020,U.S. Senate (this seat),John Cornyn,republican,5962983,true,clerk-2020-stats,
tx-sen,2020,U.S. Senate (this seat),Kerry Douglas McKennon,libertarian,209722,false,clerk-2020-stats,
tx-sen,2020,U.S. Senate (this seat),David B. Collins,green,81893,false,clerk-2020-stats,
tx-sen,2020,U.S. Senate (this seat),Ricardo Turullols-Bonilla,write-in,678,false,clerk-2020-stats,
wv-sen,2020,U.S. Senate (this seat),Paula Jean Swearengin,democratic,210309,false,clerk-2020-stats,
wv-sen,2020,U.S. Senate (this seat),Shelley Moore Capito,republican,547454,true,clerk-2020-stats,
wv-sen,2020,U.S. Senate (this seat),David Moran,libertarian,21155,false,clerk-2020-stats,
wy-sen,2020,U.S. Senate (this seat),Merav Ben David,democratic,72766,false,clerk-2020-stats,
wy-sen,2020,U.S. Senate (this seat),Cynthia M. Lummis,republican,198100,true,clerk-2020-stats,
wy-sen,2020,U.S. Senate (this seat),Write-in / other,write-in,1071,false,clerk-2020-stats,
fl-sen-special,2022,U.S. Senate (this seat),Marco Rubio,republican,4474847,true,clerk-2022-stats,Marco Rubio won this seat in 2022 and later resigned; the current senator was appointed.
fl-sen-special,2022,U.S. Senate (this seat),Val Butler Demings,democratic,3201522,false,clerk-2022-stats,Marco Rubio won this seat in 2022 and later resigned; the current senator was appointed.
fl-sen-special,2022,U.S. Senate (this seat),Dennis Misigoy,libertarian,32177,false,clerk-2022-stats,Marco Rubio won this seat in 2022 and later resigned; the current senator was appointed.
fl-sen-special,2022,U.S. Senate (this seat),Steven B. Grant,no-party-affiliation,31816,false,clerk-2022-stats,Marco Rubio won this seat in 2022 and later resigned; the current senator was appointed.
fl-sen-special,2022,U.S. Senate (this seat),Tuan “TQ” Nguyen,no-party-affiliation,17385,false,clerk-2022-stats,Marco Rubio won this seat in 2022 and later resigned; the current senator was appointed.
fl-sen-special,2022,U.S. Senate (this seat),Edward A. Gray,write-in,190,false,clerk-2022-stats,Marco Rubio won this seat in 2022 and later resigned; the current senator was appointed.
fl-sen-special,2022,U.S. Senate (this seat),Uloma Uma Ekpete,write-in,42,false,clerk-2022-stats,Marco Rubio won this seat in 2022 and later resigned; the current senator was appointed.
fl-sen-special,2022,U.S. Senate (this seat),Moses Quiles,write-in,33,false,clerk-2022-stats,Marco Rubio won this seat in 2022 and later resigned; the current senator was appointed.
fl-sen-special,2022,U.S. Senate (this seat),Howard Knepper,write-in,2,false,clerk-2022-stats,Marco Rubio won this seat in 2022 and later resigned; the current senator was appointed.
oh-sen-special,2022,U.S. Senate (this seat),JD Vance,republican,2192114,true,clerk-2022-stats,JD Vance won this seat in 2022 and later resigned to become vice president; the current senator was appointed.
oh-sen-special,2022,U.S. Senate (this seat),Tim Ryan,democratic,1939489,false,clerk-2022-stats,JD Vance won this seat in 2022 and later resigned to become vice president; the current senator was appointed.
oh-sen-special,2022,U.S. Senate (this seat),John Cheng,write-in,702,false,clerk-2022-stats,JD Vance won this seat in 2022 and later resigned to become vice president; the current senator was appointed.
oh-sen-special,2022,U.S. Senate (this seat),Shane Hoffman,write-in,403,false,clerk-2022-stats,JD Vance won this seat in 2022 and later resigned to become vice president; the current senator was appointed.
oh-sen-special,2022,U.S. Senate (this seat),LaShondra Tinsley,write-in,362,false,clerk-2022-stats,JD Vance won this seat in 2022 and later resigned to become vice president; the current senator was appointed.
oh-sen-special,2022,U.S. Senate (this seat),Stephen Faris,write-in,194,false,clerk-2022-stats,JD Vance won this seat in 2022 and later resigned to become vice president; the current senator was appointed.
oh-sen-special,2022,U.S. Senate (this seat),Matthew R. Esh,write-in,78,false,clerk-2022-stats,JD Vance won this seat in 2022 and later resigned to become vice president; the current senator was appointed.
az-01,2024,U.S. House,David Schweikert,republican,225538,true,clerk-2024-stats,
az-01,2024,U.S. House,Amish Shah,democratic,208966,false,clerk-2024-stats,
az-06,2024,U.S. House,Juan Ciscomani,republican,215596,true,clerk-2024-stats,
az-06,2024,U.S. House,Kirsten Engel,democratic,204774,false,clerk-2024-stats,
az-06,2024,U.S. House,Athena Eastwood,green,10759,false,clerk-2024-stats,
az-06,2024,U.S. House,Luis Pozzolo,write-in,91,false,clerk-2024-stats,
co-08,2024,U.S. House,Gabe Evans,republican,163320,true,clerk-2024-stats,
co-08,2024,U.S. House,Yadira Caraveo,democratic,160871,false,clerk-2024-stats,
co-08,2024,U.S. House,Chris Baum,approval-voting-party,5741,false,clerk-2024-stats,
co-08,2024,U.S. House,Susan Patricia Hall,unity-party,3677,false,clerk-2024-stats,
co-08,2024,U.S. House,James K. Treibert,write-in,7,false,clerk-2024-stats,
ia-01,2024,U.S. House,Mariannette Miller-Meeks,republican,206955,true,clerk-2024-stats,
ia-01,2024,U.S. House,Christina Bohannan,democratic,206156,false,clerk-2024-stats,
ia-01,2024,U.S. House,Write-in / other,write-in,967,false,clerk-2024-stats,
ia-03,2024,U.S. House,Zachary Nunn,republican,213746,true,clerk-2024-stats,
ia-03,2024,U.S. House,Lanon Baccam,democratic,197962,false,clerk-2024-stats,
ia-03,2024,U.S. House,Write-in / other,write-in,1197,false,clerk-2024-stats,
mi-07,2024,U.S. House,Tom Barrett,republican,226722,true,clerk-2024-stats,
mi-07,2024,U.S. House,Curtis Hertel,democratic,209959,false,clerk-2024-stats,
mi-07,2024,U.S. House,L. Rachel Dailey,libertarian,14231,false,clerk-2024-stats,
mi-10,2024,U.S. House,John James,republican,217437,true,clerk-2024-stats,
mi-10,2024,U.S. House,Carl J. Marlinga,democratic,191363,false,clerk-2024-stats,
mi-10,2024,U.S. House,Andrea L. Kirby,working-class,11162,false,clerk-2024-stats,
mi-10,2024,U.S. House,Mike Saliba,libertarian,5339,false,clerk-2024-stats,
pa-07,2024,U.S. House,Ryan E. Mackenzie,republican,203688,true,clerk-2024-stats,
pa-07,2024,U.S. House,Susan Wild,democratic,199626,false,clerk-2024-stats,
pa-08,2024,U.S. House,"Rob Bresnahan, Jr.",republican,195663,true,clerk-2024-stats,
pa-08,2024,U.S. House,Matt Cartwright,democratic,189411,false,clerk-2024-stats,
pa-10,2024,U.S. House,Scott Perry,republican,205567,true,clerk-2024-stats,
pa-10,2024,U.S. House,Janelle Stelson,democratic,200434,false,clerk-2024-stats,
wa-03,2024,U.S. House,Joe Kent,republican,199054,false,clerk-2024-stats,
wa-03,2024,U.S. House,Marie Gluesenkamp Perez,democratic,215177,true,clerk-2024-stats,
wa-03,2024,U.S. House,Write-in / other,write-in,1673,false,clerk-2024-stats,
wi-03,2024,U.S. House,Derrick Van Orden,republican,212064,true,clerk-2024-stats,
wi-03,2024,U.S. House,Rebecca Cooke,democratic,200808,false,clerk-2024-stats,
wi-03,2024,U.S. House,Write-in / other,write-in,309,false,clerk-2024-stats,
ny-17,2024,U.S. House,Michael Lawler,republican,197845,true,clerk-2024-stats,Lawler ran on the Republican and Conservative lines; his votes on both are added together. Blank and void ballots are not counted.
ny-17,2024,U.S. House,Mondaire L. Jones,democratic,173899,false,clerk-2024-stats,Lawler ran on the Republican and Conservative lines; his votes on both are added together. Blank and void ballots are not counted.
ny-17,2024,U.S. House,Anthony Frascone,working-families,7530,false,clerk-2024-stats,Lawler ran on the Republican and Conservative lines; his votes on both are added together. Blank and void ballots are not counted.
ny-17,2024,U.S. House,Write-in / other,write-in,234,false,clerk-2024-stats,Lawler ran on the Republican and Conservative lines; his votes on both are added together. Blank and void ballots are not counted.
