race,forecaster,rating,as_of,source,found_via,status,verified_by,verified_on,notes
va-01,cook,lean-r,2026-05-08,cook-house,wikipedia-va-house-2026,verified,Thomas,2026-10-09,
va-01,inside,lean-r,2026-05-08,inside-house,wikipedia-va-house-2026,verified,Thomas,2026-10-09,
va-01,sabato,lean-r,2026-05-08,sabato-house,wikipedia-va-house-2026,verified,Thomas,2026-10-09,
va-02,cook,tossup,2026-05-08,cook-house,wikipedia-va-house-2026,verified,Thomas,2026-10-09,
va-02,inside,tossup,2026-05-08,inside-house,wikipedia-va-house-2026,verified,Thomas,2026-10-09,
va-02,sabato,tossup,2026-05-08,sabato-house,wikipedia-va-house-2026,verified,Thomas,2026-10-09,
va-03,cook,solid-d,2026-04-21,cook-house,wikipedia-va-house-2026,verified,Thomas,2026-10-09,
va-03,inside,solid-d,2026-04-21,inside-house,wikipedia-va-house-2026,verified,Thomas,2026-10-09,
va-03,sabato,solid-d,2026-04-21,sabato-house,wikipedia-va-house-2026,verified,Thomas,2026-10-09,
va-04,cook,solid-d,2026-04-21,cook-house,wikipedia-va-house-2026,verified,Thomas,2026-10-09,
va-04,inside,solid-d,2026-04-21,inside-house,wikipedia-va-house-2026,verified,Thomas,2026-10-09,
va-04,sabato,solid-d,2026-04-21,sabato-house,wikipedia-va-house-2026,verified,Thomas,2026-10-09,
va-05,cook,solid-r,2026-05-08,cook-house,wikipedia-va-house-2026,verified,Thomas,2026-10-09,
va-05,inside,solid-r,2026-05-08,inside-house,wikipedia-va-house-2026,verified,Thomas,2026-10-09,
va-05,sabato,likely-r,2026-05-08,sabato-house,wikipedia-va-house-2026,verified,Thomas,2026-10-09,
va-06,cook,solid-r,2026-05-08,cook-house,wikipedia-va-house-2026,verified,Thomas,2026-10-09,
va-06,inside,solid-r,2026-05-08,inside-house,wikipedia-va-house-2026,verified,Thomas,2026-10-09,
va-06,sabato,solid-r,2026-05-08,sabato-house,wikipedia-va-house-2026,verified,Thomas,2026-10-09,
va-07,cook,likely-d,2026-05-08,cook-house,wikipedia-va-house-2026,verified,Thomas,2026-10-09,
va-07,inside,likely-d,2026-05-21,inside-house,wikipedia-va-house-2026,verified,Thomas,2026-10-09,
va-07,sabato,likely-d,2026-05-08,sabato-house,wikipedia-va-house-2026,verified,Thomas,2026-10-09,
va-08,cook,solid-d,2026-04-21,cook-house,wikipedia-va-house-2026,verified,Thomas,2026-10-09,
va-08,inside,solid-d,2026-04-21,inside-house,wikipedia-va-house-2026,verified,Thomas,2026-10-09,
va-08,sabato,solid-d,2026-04-21,sabato-house,wikipedia-va-house-2026,verified,Thomas,2026-10-09,
va-09,cook,solid-r,2026-04-21,cook-house,wikipedia-va-house-2026,verified,Thomas,2026-10-09,
va-09,inside,solid-r,2026-04-21,inside-house,wikipedia-va-house-2026,verified,Thomas,2026-10-09,
va-09,sabato,solid-r,2026-04-21,sabato-house,wikipedia-va-house-2026,verified,Thomas,2026-10-09,
va-10,cook,solid-d,2026-04-21,cook-house,wikipedia-va-house-2026,verified,Thomas,2026-10-09,
va-10,inside,solid-d,2026-04-21,inside-house,wikipedia-va-house-2026,verified,Thomas,2026-10-09,
va-10,sabato,solid-d,2026-04-21,sabato-house,wikipedia-va-house-2026,verified,Thomas,2026-10-09,
va-11,cook,solid-d,2026-04-21,cook-house,wikipedia-va-house-2026,verified,Thomas,2026-10-09,
va-11,inside,solid-d,2026-04-21,inside-house,wikipedia-va-house-2026,verified,Thomas,2026-10-09,
va-11,sabato,solid-d,2026-04-21,sabato-house,wikipedia-va-house-2026,verified,Thomas,2026-10-09,
al-sen,cook,solid-r,2026-09-23,cook-senate,wikipedia-senate-2026,verified,Thomas,2026-10-09,
al-sen,inside,solid-r,2026-09-17,inside-senate,wikipedia-senate-2026,verified,Thomas,2026-10-09,
al-sen,sabato,solid-r,2026-09-22,sabato-senate,wikipedia-senate-2026,verified,Thomas,2026-10-09,
ak-sen,cook,tossup,2026-09-23,cook-senate,wikipedia-senate-2026,verified,Thomas,2026-10-09,
ak-sen,inside,tilt-r,2026-09-17,inside-senate,wikipedia-senate-2026,verified,Thomas,2026-10-09,
ak-sen,sabato,tossup,2026-09-22,sabato-senate,wikipedia-senate-2026,verified,Thomas,2026-10-09,
ar-sen,cook,solid-r,2026-09-23,cook-senate,wikipedia-senate-2026,verified,Thomas,2026-10-09,
ar-sen,inside,solid-r,2026-09-17,inside-senate,wikipedia-senate-2026,verified,Thomas,2026-10-09,
ar-sen,sabato,solid-r,2026-09-22,sabato-senate,wikipedia-senate-2026,verified,Thomas,2026-10-09,
co-sen,cook,solid-d,2026-09-23,cook-senate,wikipedia-senate-2026,verified,Thomas,2026-10-09,
co-sen,inside,solid-d,2026-09-17,inside-senate,wikipedia-senate-2026,verified,Thomas,2026-10-09,
co-sen,sabato,solid-d,2026-09-22,sabato-senate,wikipedia-senate-2026,verified,Thomas,2026-10-09,
de-sen,cook,solid-d,2026-09-23,cook-senate,wikipedia-senate-2026,verified,Thomas,2026-10-09,
de-sen,inside,solid-d,2026-09-17,inside-senate,wikipedia-senate-2026,verified,Thomas,2026-10-09,
de-sen,sabato,solid-d,2026-09-22,sabato-senate,wikipedia-senate-2026,verified,Thomas,2026-10-09,
fl-sen-special,cook,solid-r,2026-09-23,cook-senate,wikipedia-senate-2026,verified,Thomas,2026-10-09,
fl-sen-special,inside,solid-r,2026-09-17,inside-senate,wikipedia-senate-2026,verified,Thomas,2026-10-09,
fl-sen-special,sabato,solid-r,2026-09-22,sabato-senate,wikipedia-senate-2026,verified,Thomas,2026-10-09,
ga-sen,cook,likely-d,2026-09-23,cook-senate,wikipedia-senate-2026,verified,Thomas,2026-10-09,
ga-sen,inside,tilt-d,2026-09-17,inside-senate,wikipedia-senate-2026,verified,Thomas,2026-10-09,
ga-sen,sabato,likely-d,2026-09-22,sabato-senate,wikipedia-senate-2026,verified,Thomas,2026-10-09,
id-sen,cook,solid-r,2026-09-23,cook-senate,wikipedia-senate-2026,verified,Thomas,2026-10-09,
id-sen,inside,solid-r,2026-09-17,inside-senate,wikipedia-senate-2026,verified,Thomas,2026-10-09,
id-sen,sabato,solid-r,2026-09-22,sabato-senate,wikipedia-senate-2026,verified,Thomas,2026-10-09,
il-sen,cook,solid-d,2026-09-23,cook-senate,wikipedia-senate-2026,verified,Thomas,2026-10-09,
il-sen,inside,solid-d,2026-09-17,inside-senate,wikipedia-senate-2026,verified,Thomas,2026-10-09,
il-sen,sabato,solid-d,2026-09-22,sabato-senate,wikipedia-senate-2026,verified,Thomas,2026-10-09,
ia-sen,cook,tossup,2026-09-23,cook-senate,wikipedia-senate-2026,verified,Thomas,2026-10-09,
ia-sen,inside,tilt-r,2026-09-17,inside-senate,wikipedia-senate-2026,verified,Thomas,2026-10-09,
ia-sen,sabato,tossup,2026-09-22,sabato-senate,wikipedia-senate-2026,verified,Thomas,2026-10-09,
ks-sen,cook,lean-r,2026-09-23,cook-senate,wikipedia-senate-2026,verified,Thomas,2026-10-09,
ks-sen,inside,likely-r,2026-09-17,inside-senate,wikipedia-senate-2026,verified,Thomas,2026-10-09,
ks-sen,sabato,lean-r,2026-09-22,sabato-senate,wikipedia-senate-2026,verified,Thomas,2026-10-09,
ky-sen,cook,solid-r,2026-09-23,cook-senate,wikipedia-senate-2026,verified,Thomas,2026-10-09,
ky-sen,inside,solid-r,2026-09-17,inside-senate,wikipedia-senate-2026,verified,Thomas,2026-10-09,
ky-sen,sabato,solid-r,2026-09-22,sabato-senate,wikipedia-senate-2026,verified,Thomas,2026-10-09,
la-sen,cook,solid-r,2026-09-23,cook-senate,wikipedia-senate-2026,verified,Thomas,2026-10-09,
la-sen,inside,solid-r,2026-09-17,inside-senate,wikipedia-senate-2026,verified,Thomas,2026-10-09,
la-sen,sabato,solid-r,2026-09-22,sabato-senate,wikipedia-senate-2026,verified,Thomas,2026-10-09,
me-sen,cook,tossup,2026-09-23,cook-senate,wikipedia-senate-2026,verified,Thomas,2026-10-09,
me-sen,inside,tossup,2026-09-17,inside-senate,wikipedia-senate-2026,verified,Thomas,2026-10-09,
me-sen,sabato,tossup,2026-09-22,sabato-senate,wikipedia-senate-2026,verified,Thomas,2026-10-09,
ma-sen,cook,solid-d,2026-09-23,cook-senate,wikipedia-senate-2026,verified,Thomas,2026-10-09,
ma-sen,inside,solid-d,2026-09-17,inside-senate,wikipedia-senate-2026,verified,Thomas,2026-10-09,
ma-sen,sabato,solid-d,2026-09-22,sabato-senate,wikipedia-senate-2026,verified,Thomas,2026-10-09,
mi-sen,cook,tossup,2026-09-23,cook-senate,wikipedia-senate-2026,verified,Thomas,2026-10-09,
mi-sen,inside,tossup,2026-09-17,inside-senate,wikipedia-senate-2026,verified,Thomas,2026-10-09,
mi-sen,sabato,lean-d,2026-09-22,sabato-senate,wikipedia-senate-2026,verified,Thomas,2026-10-09,
mn-sen,cook,likely-d,2026-09-23,cook-senate,wikipedia-senate-2026,verified,Thomas,2026-10-09,
mn-sen,inside,likely-d,2026-09-17,inside-senate,wikipedia-senate-2026,verified,Thomas,2026-10-09,
mn-sen,sabato,likely-d,2026-09-22,sabato-senate,wikipedia-senate-2026,verified,Thomas,2026-10-09,
ms-sen,cook,solid-r,2026-09-23,cook-senate,wikipedia-senate-2026,verified,Thomas,2026-10-09,
ms-sen,inside,solid-r,2026-09-17,inside-senate,wikipedia-senate-2026,verified,Thomas,2026-10-09,
ms-sen,sabato,solid-r,2026-09-22,sabato-senate,wikipedia-senate-2026,verified,Thomas,2026-10-09,
mt-sen,cook,solid-r,2026-09-23,cook-senate,wikipedia-senate-2026,verified,Thomas,2026-10-09,
mt-sen,inside,solid-r,2026-09-17,inside-senate,wikipedia-senate-2026,verified,Thomas,2026-10-09,
mt-sen,sabato,solid-r,2026-09-22,sabato-senate,wikipedia-senate-2026,verified,Thomas,2026-10-09,
ne-sen,cook,likely-r,2026-09-23,cook-senate,wikipedia-senate-2026,verified,Thomas,2026-10-09,
ne-sen,inside,likely-r,2026-09-17,inside-senate,wikipedia-senate-2026,verified,Thomas,2026-10-09,
ne-sen,sabato,likely-r,2026-09-22,sabato-senate,wikipedia-senate-2026,verified,Thomas,2026-10-09,
nh-sen,cook,tossup,2026-09-23,cook-senate,wikipedia-senate-2026,verified,Thomas,2026-10-09,
nh-sen,inside,tossup,2026-09-17,inside-senate,wikipedia-senate-2026,verified,Thomas,2026-10-09,
nh-sen,sabato,lean-d,2026-09-22,sabato-senate,wikipedia-senate-2026,verified,Thomas,2026-10-09,
nj-sen,cook,solid-d,2026-09-23,cook-senate,wikipedia-senate-2026,verified,Thomas,2026-10-09,
nj-sen,inside,solid-d,2026-09-17,inside-senate,wikipedia-senate-2026,verified,Thomas,2026-10-09,
nj-sen,sabato,solid-d,2026-09-22,sabato-senate,wikipedia-senate-2026,verified,Thomas,2026-10-09,
nm-sen,cook,solid-d,2026-09-23,cook-senate,wikipedia-senate-2026,verified,Thomas,2026-10-09,
nm-sen,inside,solid-d,2026-09-17,inside-senate,wikipedia-senate-2026,verified,Thomas,2026-10-09,
nm-sen,sabato,solid-d,2026-09-22,sabato-senate,wikipedia-senate-2026,verified,Thomas,2026-10-09,
nc-sen,cook,lean-d,2026-09-23,cook-senate,wikipedia-senate-2026,verified,Thomas,2026-10-09,
nc-sen,inside,tilt-d,2026-09-17,inside-senate,wikipedia-senate-2026,verified,Thomas,2026-10-09,
nc-sen,sabato,lean-d,2026-09-22,sabato-senate,wikipedia-senate-2026,verified,Thomas,2026-10-09,
oh-sen-special,cook,tossup,2026-09-23,cook-senate,wikipedia-senate-2026,verified,Thomas,2026-10-09,
oh-sen-special,inside,tossup,2026-09-17,inside-senate,wikipedia-senate-2026,verified,Thomas,2026-10-09,
oh-sen-special,sabato,tossup,2026-09-22,sabato-senate,wikipedia-senate-2026,verified,Thomas,2026-10-09,
ok-sen,cook,solid-r,2026-09-23,cook-senate,wikipedia-senate-2026,verified,Thomas,2026-10-09,
ok-sen,inside,solid-r,2026-09-17,inside-senate,wikipedia-senate-2026,verified,Thomas,2026-10-09,
ok-sen,sabato,solid-r,2026-09-22,sabato-senate,wikipedia-senate-2026,verified,Thomas,2026-10-09,
or-sen,cook,solid-d,2026-09-23,cook-senate,wikipedia-senate-2026,verified,Thomas,2026-10-09,
or-sen,inside,solid-d,2026-09-17,inside-senate,wikipedia-senate-2026,verified,Thomas,2026-10-09,
or-sen,sabato,solid-d,2026-09-22,sabato-senate,wikipedia-senate-2026,verified,Thomas,2026-10-09,
ri-sen,cook,solid-d,2026-09-23,cook-senate,wikipedia-senate-2026,verified,Thomas,2026-10-09,
ri-sen,inside,solid-d,2026-09-17,inside-senate,wikipedia-senate-2026,verified,Thomas,2026-10-09,
ri-sen,sabato,solid-d,2026-09-22,sabato-senate,wikipedia-senate-2026,verified,Thomas,2026-10-09,
sc-sen,cook,likely-r,2026-09-23,cook-senate,wikipedia-senate-2026,verified,Thomas,2026-10-09,
sc-sen,inside,likely-r,2026-09-17,inside-senate,wikipedia-senate-2026,verified,Thomas,2026-10-09,
sc-sen,sabato,solid-r,2026-09-22,sabato-senate,wikipedia-senate-2026,verified,Thomas,2026-10-09,
sd-sen,cook,solid-r,2026-09-23,cook-senate,wikipedia-senate-2026,verified,Thomas,2026-10-09,
sd-sen,inside,solid-r,2026-09-17,inside-senate,wikipedia-senate-2026,verified,Thomas,2026-10-09,
sd-sen,sabato,solid-r,2026-09-22,sabato-senate,wikipedia-senate-2026,verified,Thomas,2026-10-09,
tn-sen,cook,solid-r,2026-09-23,cook-senate,wikipedia-senate-2026,verified,Thomas,2026-10-09,
tn-sen,inside,solid-r,2026-09-17,inside-senate,wikipedia-senate-2026,verified,Thomas,2026-10-09,
tn-sen,sabato,solid-r,2026-09-22,sabato-senate,wikipedia-senate-2026,verified,Thomas,2026-10-09,
tx-sen,cook,tossup,2026-09-23,cook-senate,wikipedia-senate-2026,verified,Thomas,2026-10-09,
tx-sen,inside,lean-r,2026-09-17,inside-senate,wikipedia-senate-2026,verified,Thomas,2026-10-09,
tx-sen,sabato,tossup,2026-09-22,sabato-senate,wikipedia-senate-2026,verified,Thomas,2026-10-09,
va-sen,cook,solid-d,2026-09-23,cook-senate,wikipedia-senate-2026,verified,Thomas,2026-10-09,
va-sen,inside,solid-d,2026-09-17,inside-senate,wikipedia-senate-2026,verified,Thomas,2026-10-09,
va-sen,sabato,solid-d,2026-09-22,sabato-senate,wikipedia-senate-2026,verified,Thomas,2026-10-09,
wv-sen,cook,solid-r,2026-09-23,cook-senate,wikipedia-senate-2026,verified,Thomas,2026-10-09,
wv-sen,inside,solid-r,2026-09-17,inside-senate,wikipedia-senate-2026,verified,Thomas,2026-10-09,
wv-sen,sabato,solid-r,2026-09-22,sabato-senate,wikipedia-senate-2026,verified,Thomas,2026-10-09,
wy-sen,cook,solid-r,2026-09-23,cook-senate,wikipedia-senate-2026,verified,Thomas,2026-10-09,
wy-sen,inside,solid-r,2026-09-17,inside-senate,wikipedia-senate-2026,verified,Thomas,2026-10-09,
wy-sen,sabato,solid-r,2026-09-22,sabato-senate,wikipedia-senate-2026,verified,Thomas,2026-10-09,
ny-17,cook,tossup,2026-09-11,cook-house,wikipedia-house-ratings-2026,verified,Thomas,2026-10-09,
ny-17,inside,tossup,2026-09-17,inside-house,wikipedia-house-ratings-2026,verified,Thomas,2026-10-09,
ny-17,sabato,tossup,2026-09-22,sabato-house,wikipedia-house-ratings-2026,verified,Thomas,2026-10-09,
wi-03,cook,tossup,2026-09-11,cook-house,wikipedia-house-ratings-2026,verified,Thomas,2026-10-09,
wi-03,inside,tossup,2026-09-17,inside-house,wikipedia-house-ratings-2026,verified,Thomas,2026-10-09,
wi-03,sabato,tossup,2026-09-22,sabato-house,wikipedia-house-ratings-2026,verified,Thomas,2026-10-09,
az-01,cook,tossup,2026-09-11,cook-house,wikipedia-house-ratings-2026,verified,Thomas,2026-10-09,
az-01,inside,tossup,2026-09-17,inside-house,wikipedia-house-ratings-2026,verified,Thomas,2026-10-09,
az-01,sabato,tossup,2026-09-22,sabato-house,wikipedia-house-ratings-2026,verified,Thomas,2026-10-09,
ia-01,cook,tossup,2026-09-11,cook-house,wikipedia-house-ratings-2026,verified,Thomas,2026-10-09,
ia-01,inside,tossup,2026-09-17,inside-house,wikipedia-house-ratings-2026,verified,Thomas,2026-10-09,
ia-01,sabato,lean-d,2026-09-22,sabato-house,wikipedia-house-ratings-2026,verified,Thomas,2026-10-09,
az-06,cook,tossup,2026-09-11,cook-house,wikipedia-house-ratings-2026,verified,Thomas,2026-10-09,
az-06,inside,tossup,2026-09-17,inside-house,wikipedia-house-ratings-2026,verified,Thomas,2026-10-09,
az-06,sabato,tossup,2026-09-22,sabato-house,wikipedia-house-ratings-2026,verified,Thomas,2026-10-09,
co-08,cook,tossup,2026-09-11,cook-house,wikipedia-house-ratings-2026,verified,Thomas,2026-10-09,
co-08,inside,tossup,2026-09-17,inside-house,wikipedia-house-ratings-2026,verified,Thomas,2026-10-09,
co-08,sabato,tossup,2026-09-22,sabato-house,wikipedia-house-ratings-2026,verified,Thomas,2026-10-09,
mi-07,cook,tossup,2026-09-11,cook-house,wikipedia-house-ratings-2026,verified,Thomas,2026-10-09,
mi-07,inside,tossup,2026-09-17,inside-house,wikipedia-house-ratings-2026,verified,Thomas,2026-10-09,
mi-07,sabato,tossup,2026-09-22,sabato-house,wikipedia-house-ratings-2026,verified,Thomas,2026-10-09,
pa-10,cook,tossup,2026-09-11,cook-house,wikipedia-house-ratings-2026,verified,Thomas,2026-10-09,
pa-10,inside,tossup,2026-09-17,inside-house,wikipedia-house-ratings-2026,verified,Thomas,2026-10-09,
pa-10,sabato,tossup,2026-09-22,sabato-house,wikipedia-house-ratings-2026,verified,Thomas,2026-10-09,
ia-03,cook,tossup,2026-09-11,cook-house,wikipedia-house-ratings-2026,verified,Thomas,2026-10-09,
ia-03,inside,tossup,2026-09-17,inside-house,wikipedia-house-ratings-2026,verified,Thomas,2026-10-09,
ia-03,sabato,tossup,2026-09-22,sabato-house,wikipedia-house-ratings-2026,verified,Thomas,2026-10-09,
pa-07,cook,tossup,2026-09-11,cook-house,wikipedia-house-ratings-2026,verified,Thomas,2026-10-09,
pa-07,inside,tossup,2026-09-17,inside-house,wikipedia-house-ratings-2026,verified,Thomas,2026-10-09,
pa-07,sabato,tossup,2026-09-22,sabato-house,wikipedia-house-ratings-2026,verified,Thomas,2026-10-09,
pa-08,cook,tossup,2026-09-11,cook-house,wikipedia-house-ratings-2026,verified,Thomas,2026-10-09,
pa-08,inside,tossup,2026-09-17,inside-house,wikipedia-house-ratings-2026,verified,Thomas,2026-10-09,
pa-08,sabato,tossup,2026-09-22,sabato-house,wikipedia-house-ratings-2026,verified,Thomas,2026-10-09,
fl-25,cook,tossup,2026-09-11,cook-house,wikipedia-house-ratings-2026,verified,Thomas,2026-10-09,
fl-25,inside,tossup,2026-09-17,inside-house,wikipedia-house-ratings-2026,verified,Thomas,2026-10-09,
fl-25,sabato,tossup,2026-09-22,sabato-house,wikipedia-house-ratings-2026,verified,Thomas,2026-10-09,
tx-34,cook,tossup,2026-09-11,cook-house,wikipedia-house-ratings-2026,verified,Thomas,2026-10-09,
tx-34,inside,tossup,2026-09-17,inside-house,wikipedia-house-ratings-2026,verified,Thomas,2026-10-09,
tx-34,sabato,lean-d,2026-09-22,sabato-house,wikipedia-house-ratings-2026,verified,Thomas,2026-10-09,
mi-10,cook,tossup,2026-09-11,cook-house,wikipedia-house-ratings-2026,verified,Thomas,2026-10-09,
mi-10,inside,tilt-r,2026-09-17,inside-house,wikipedia-house-ratings-2026,verified,Thomas,2026-10-09,
mi-10,sabato,tossup,2026-09-22,sabato-house,wikipedia-house-ratings-2026,verified,Thomas,2026-10-09,
wa-03,cook,tossup,2026-09-11,cook-house,wikipedia-house-ratings-2026,verified,Thomas,2026-10-09,
wa-03,inside,tossup,2026-09-17,inside-house,wikipedia-house-ratings-2026,verified,Thomas,2026-10-09,
wa-03,sabato,lean-d,2026-09-22,sabato-house,wikipedia-house-ratings-2026,verified,Thomas,2026-10-09,
fl-14,cook,tossup,2026-09-11,cook-house,wikipedia-house-ratings-2026,verified,Thomas,2026-10-09,
fl-14,inside,tossup,2026-09-17,inside-house,wikipedia-house-ratings-2026,verified,Thomas,2026-10-09,
fl-14,sabato,tossup,2026-09-22,sabato-house,wikipedia-house-ratings-2026,verified,Thomas,2026-10-09,
oh-09,cook,tossup,2026-09-11,cook-house,wikipedia-house-ratings-2026,verified,Thomas,2026-10-09,
oh-09,inside,tilt-r,2026-09-17,inside-house,wikipedia-house-ratings-2026,verified,Thomas,2026-10-09,
oh-09,sabato,tossup,2026-09-22,sabato-house,wikipedia-house-ratings-2026,verified,Thomas,2026-10-09,
oh-07,cook,tossup,2026-09-11,cook-house,wikipedia-house-ratings-2026,verified,Thomas,2026-10-09,
oh-07,inside,tossup,2026-09-17,inside-house,wikipedia-house-ratings-2026,verified,Thomas,2026-10-09,
oh-07,sabato,tossup,2026-09-22,sabato-house,wikipedia-house-ratings-2026,verified,Thomas,2026-10-09,
